{
    "exportFps": 30,
    "trackPath": "H:\\ProjectHi_2nd\\HiGame\\Content\\Data\\ShakespeareData_test\\LevelSequence\\Audio\\TTS_4000013_LevelSequence_Gen_0_00.wav",
    "CoreNodeName": "/World/audio2face/CoreFullface",
    "numFrames": 200,
    "numEmotions": 10,
    "emotionNames": [
        "amazement",
        "anger",
        "cheekiness",
        "disgust",
        "fear",
        "grief",
        "joy",
        "outofbreath",
        "pain",
        "sadness"
    ],
    "emotionFrames": [
        0.25,
        30.25,
        60.25,
        90.25,
        120.25,
        150.25,
        180.25
    ],
    "emotionKeys": [
        [
            0.0,
            0.03593412786722183,
            0.0,
            0.010184070095419884,
            0.14335443079471588,
            0.0,
            0.2488206923007965,
            0.0,
            0.0,
            0.006257640663534403
        ],
        [
            0.0,
            0.3287905156612396,
            0.0,
            0.0013935979222878814,
            0.0021812510676681995,
            0.0,
            0.3694300055503845,
            0.0,
            0.0,
            0.0011668606894090772
        ],
        [
            0.0,
            0.5816805958747864,
            0.0,
            0.0024313796311616898,
            0.01094740815460682,
            0.0,
            0.007860299199819565,
            0.0,
            0.0,
            0.002474904293194413
        ],
        [
            0.0,
            0.004853978753089905,
            0.0,
            0.0036923151928931475,
            0.006730282213538885,
            0.0,
            0.5910154581069946,
            0.0,
            0.0,
            0.004054856486618519
        ],
        [
            0.0,
            0.006001297850161791,
            0.0,
            0.004280915949493647,
            0.0047034602612257,
            0.0,
            0.5914685726165771,
            0.0,
            0.0,
            0.0036220443435013294
        ],
        [
            0.0,
            0.04620388150215149,
            0.0,
            0.001345243421383202,
            0.010130197741091251,
            0.0,
            0.5447246432304382,
            0.0,
            0.0,
            0.0011532597709447145
        ],
        [
            0.0,
            0.5546853542327881,
            0.0,
            0.0027048098854720592,
            0.013589623384177685,
            0.0,
            0.030319035053253174,
            0.0,
            0.0,
            0.0011050851317122579
        ]
    ]
}