{
    "exportFps": 30,
    "trackPath": "H:\\ProjectHi_2nd\\HiGame\\Content\\Data\\ShakespeareData_test\\LevelSequence\\Audio\\TTS_4000005_LevelSequence_Gen_0_00.wav",
    "CoreNodeName": "/World/audio2face/CoreFullface",
    "numFrames": 126,
    "numEmotions": 10,
    "emotionNames": [
        "amazement",
        "anger",
        "cheekiness",
        "disgust",
        "fear",
        "grief",
        "joy",
        "outofbreath",
        "pain",
        "sadness"
    ],
    "emotionFrames": [
        0.0,
        30.0,
        60.0,
        90.0,
        120.0
    ],
    "emotionKeys": [
        [
            0.0,
            0.005932609084993601,
            0.0,
            0.004967723041772842,
            0.5894454121589661,
            0.0,
            0.00533628836274147,
            0.0,
            0.0,
            0.006036172620952129
        ],
        [
            0.0,
            0.006336082238703966,
            0.0,
            0.004169891122728586,
            0.5881113409996033,
            0.0,
            0.005230066366493702,
            0.0,
            0.0,
            0.00636715441942215
        ],
        [
            0.0,
            0.17445175349712372,
            0.0,
            0.002306268084794283,
            0.4893091917037964,
            0.0,
            0.00299698393791914,
            0.0,
            0.0,
            0.0018665280658751726
        ],
        [
            0.0,
            0.5930377244949341,
            0.0,
            0.004173162393271923,
            0.005833225324749947,
            0.0,
            0.00540522625669837,
            0.0,
            0.0,
            0.004359764978289604
        ],
        [
            0.0,
            0.006663086358457804,
            0.0,
            0.004478401504456997,
            0.5882295370101929,
            0.0,
            0.005935606546700001,
            0.0,
            0.0,
            0.005274261347949505
        ]
    ]
}