{
    "exportFps": 30,
    "trackPath": "H:\\ProjectHi_2nd\\HiGame\\Content\\Data\\ShakespeareData_test\\LevelSequence\\Audio\\TTS_4000006_LevelSequence_Gen_0_01.wav",
    "CoreNodeName": "/World/audio2face/CoreFullface",
    "numFrames": 196,
    "numEmotions": 10,
    "emotionNames": [
        "amazement",
        "anger",
        "cheekiness",
        "disgust",
        "fear",
        "grief",
        "joy",
        "outofbreath",
        "pain",
        "sadness"
    ],
    "emotionFrames": [
        0.25,
        30.25,
        60.25,
        90.25,
        120.25,
        150.25,
        180.25
    ],
    "emotionKeys": [
        [
            0.0,
            0.5835568904876709,
            0.0,
            0.0028501194901764393,
            0.006892793346196413,
            0.0,
            0.01330722775310278,
            0.0,
            0.0,
            0.0018382136477157474
        ],
        [
            0.0,
            0.12163513153791428,
            0.0,
            0.0012524800840765238,
            0.012268047779798508,
            0.0,
            0.41844984889030457,
            0.0,
            0.0,
            0.0013717563124373555
        ],
        [
            0.0,
            0.009447452612221241,
            0.0,
            0.0036871987394988537,
            0.0038768888916820288,
            0.0,
            0.589811384677887,
            0.0,
            0.0,
            0.0031828847713768482
        ],
        [
            0.0,
            0.010414550080895424,
            0.0,
            0.0033922502771019936,
            0.0039289118722081184,
            0.0,
            0.5890232920646667,
            0.0,
            0.0,
            0.0029345848597586155
        ],
        [
            0.0,
            0.585273027420044,
            0.0,
            0.0032003263477236032,
            0.0033923129085451365,
            0.0,
            0.013616583310067654,
            0.0,
            0.0,
            0.0023467664141207933
        ],
        [
            0.0,
            0.005240820813924074,
            0.0,
            0.004838007967919111,
            0.004987122491002083,
            0.0,
            0.5921036601066589,
            0.0,
            0.0,
            0.004143057856708765
        ],
        [
            0.0,
            0.0026732226833701134,
            0.0,
            0.0023199778515845537,
            0.003264899831265211,
            0.0,
            0.03371347486972809,
            0.0,
            0.0,
            0.004251691047102213
        ]
    ]
}