{
    "exportFps": 30,
    "trackPath": "H:\\ProjectHi_2nd\\HiGame\\Content\\Data\\ShakespeareData_test\\LevelSequence\\Audio\\TTS_4000007_LevelSequence_Gen_0_00.wav",
    "CoreNodeName": "/World/audio2face/CoreFullface",
    "numFrames": 171,
    "numEmotions": 10,
    "emotionNames": [
        "amazement",
        "anger",
        "cheekiness",
        "disgust",
        "fear",
        "grief",
        "joy",
        "outofbreath",
        "pain",
        "sadness"
    ],
    "emotionFrames": [
        0.0,
        30.0,
        60.0,
        90.0,
        120.0,
        150.0
    ],
    "emotionKeys": [
        [
            0.0,
            0.008594573475420475,
            0.0,
            0.003968062810599804,
            0.5840182900428772,
            0.0,
            0.005124618764966726,
            0.0,
            0.0,
            0.0047246492467820644
        ],
        [
            0.0,
            0.3312070965766907,
            0.0,
            0.0007592597394250333,
            0.038025401532649994,
            0.0,
            0.05759119987487793,
            0.0,
            0.0,
            0.0008875891799107194
        ],
        [
            0.0,
            0.3886350095272064,
            0.0,
            0.0019382070749998093,
            0.00931955873966217,
            0.0,
            0.15931712090969086,
            0.0,
            0.0,
            0.0013057051692157984
        ],
        [
            0.0,
            0.009513277560472488,
            0.0,
            0.0029497474897652864,
            0.006175769958645105,
            0.0,
            0.5876937508583069,
            0.0,
            0.0,
            0.0028671736363321543
        ],
        [
            0.0,
            0.014150436967611313,
            0.0,
            0.002847209107130766,
            0.003463581670075655,
            0.0,
            0.5867403149604797,
            0.0,
            0.0,
            0.0025517111644148827
        ],
        [
            0.0,
            0.004588794428855181,
            0.0,
            0.005258016288280487,
            0.004780477378517389,
            0.0,
            0.5920141935348511,
            0.0,
            0.0,
            0.003898692550137639
        ]
    ]
}