{
    "exportFps": 30,
    "trackPath": "H:\\ProjectHi_2nd\\HiGame\\Content\\Data\\ShakespeareData_test\\LevelSequence\\Audio\\TTS_4000009_LevelSequence_Gen_0_00.wav",
    "CoreNodeName": "/World/audio2face/CoreFullface",
    "numFrames": 273,
    "numEmotions": 10,
    "emotionNames": [
        "amazement",
        "anger",
        "cheekiness",
        "disgust",
        "fear",
        "grief",
        "joy",
        "outofbreath",
        "pain",
        "sadness"
    ],
    "emotionFrames": [
        0.0,
        29.5,
        59.5,
        90.0,
        119.5,
        150.0,
        180.0,
        210.0,
        239.5,
        270.0
    ],
    "emotionKeys": [
        [
            0.0,
            0.010180644690990448,
            0.0,
            0.5720269680023193,
            0.00327299814671278,
            0.0,
            0.024027086794376373,
            0.0,
            0.0,
            0.0016794108087196946
        ],
        [
            0.0,
            0.5933709740638733,
            0.0,
            0.004255684558302164,
            0.005775378551334143,
            0.0,
            0.005448808427900076,
            0.0,
            0.0,
            0.004492160864174366
        ],
        [
            0.0,
            0.588732898235321,
            0.0,
            0.003153174417093396,
            0.0038297486025840044,
            0.0,
            0.0113984989002347,
            0.0,
            0.0,
            0.0028665056452155113
        ],
        [
            0.0,
            0.007116776891052723,
            0.0,
            0.004103437997400761,
            0.003952923230826855,
            0.0,
            0.5909266471862793,
            0.0,
            0.0,
            0.003561417805030942
        ],
        [
            0.0,
            0.5892288684844971,
            0.0,
            0.004923506174236536,
            0.004342708736658096,
            0.0,
            0.007510091178119183,
            0.0,
            0.0,
            0.0027721580117940903
        ],
        [
            0.0,
            0.548181414604187,
            0.0,
            0.003735385602340102,
            0.012124338187277317,
            0.0,
            0.029879968613386154,
            0.0,
            0.0,
            0.0016579466173425317
        ],
        [
            0.0,
            0.43042057752609253,
            0.0,
            0.0019764837343245745,
            0.014522623270750046,
            0.0,
            0.1162097156047821,
            0.0,
            0.0,
            0.0016556807095184922
        ],
        [
            0.0,
            0.5931534767150879,
            0.0,
            0.004088124725967646,
            0.005082190502434969,
            0.0,
            0.006043069064617157,
            0.0,
            0.0,
            0.004391741938889027
        ],
        [
            0.0,
            0.5932596921920776,
            0.0,
            0.004552002996206284,
            0.0051114726811647415,
            0.0,
            0.005463472101837397,
            0.0,
            0.0,
            0.004330265801399946
        ],
        [
            0.0,
            0.002192240674048662,
            0.0,
            0.03694651275873184,
            0.030907655134797096,
            0.0,
            0.006071523297578096,
            0.0,
            0.0,
            0.4880690276622772
        ]
    ]
}