{
    "exportFps": 30,
    "trackPath": "H:\\ProjectHi_2nd\\HiGame\\Content\\Data\\ShakespeareData_test\\LevelSequence\\Audio\\TTS_4000013_LevelSequence_Gen_0_02.wav",
    "CoreNodeName": "/World/audio2face/CoreFullface",
    "numFrames": 43,
    "numEmotions": 10,
    "emotionNames": [
        "amazement",
        "anger",
        "cheekiness",
        "disgust",
        "fear",
        "grief",
        "joy",
        "outofbreath",
        "pain",
        "sadness"
    ],
    "emotionFrames": [
        0.25,
        30.25
    ],
    "emotionKeys": [
        [
            0.0,
            0.36831241846084595,
            0.0,
            0.0017169334460049868,
            0.3678320348262787,
            0.0,
            0.004822585266083479,
            0.0,
            0.0,
            0.0010646788869053125
        ],
        [
            0.0,
            0.034199945628643036,
            0.0,
            0.0035670504439622164,
            0.5736582279205322,
            0.0,
            0.006831080187112093,
            0.0,
            0.0,
            0.001963849412277341
        ]
    ]
}