{
    "exportFps": 30,
    "trackPath": "H:\\ProjectHi_2nd\\HiGame\\Content\\Data\\ShakespeareData_test\\LevelSequence\\Audio\\TTS_4000006_LevelSequence_Gen_0_02.wav",
    "CoreNodeName": "/World/audio2face/CoreFullface",
    "numFrames": 57,
    "numEmotions": 10,
    "emotionNames": [
        "amazement",
        "anger",
        "cheekiness",
        "disgust",
        "fear",
        "grief",
        "joy",
        "outofbreath",
        "pain",
        "sadness"
    ],
    "emotionFrames": [
        0.25,
        29.25
    ],
    "emotionKeys": [
        [
            0.0,
            0.16318273544311523,
            0.0,
            0.004678612574934959,
            0.20678332448005676,
            0.0,
            0.09510166943073273,
            0.0,
            0.0,
            0.00200389651581645
        ],
        [
            0.0,
            0.021623946726322174,
            0.0,
            0.0030489072669297457,
            0.08305858075618744,
            0.0,
            0.49037855863571167,
            0.0,
            0.0,
            0.0025989876594394445
        ]
    ]
}