{
    "exportFps": 30,
    "trackPath": "H:\\ProjectHi_2nd\\HiGame\\Content\\Data\\ShakespeareData_test\\LevelSequence\\Audio\\TTS_4000016_LevelSequence_Gen_0_08.wav",
    "CoreNodeName": "/World/audio2face/CoreFullface",
    "numFrames": 155,
    "numEmotions": 10,
    "emotionNames": [
        "amazement",
        "anger",
        "cheekiness",
        "disgust",
        "fear",
        "grief",
        "joy",
        "outofbreath",
        "pain",
        "sadness"
    ],
    "emotionFrames": [
        0.25,
        30.25,
        60.25,
        90.25,
        120.25,
        150.25
    ],
    "emotionKeys": [
        [
            0.0,
            0.014700297266244888,
            0.0,
            0.0028409489896148443,
            0.578585147857666,
            0.0,
            0.00919918529689312,
            0.0,
            0.0,
            0.0024949877988547087
        ],
        [
            0.0,
            0.007482645567506552,
            0.0,
            0.001876646070741117,
            0.016449138522148132,
            0.0,
            0.5800378918647766,
            0.0,
            0.0,
            0.0020692055113613605
        ],
        [
            0.0,
            0.01036799792200327,
            0.0,
            0.0026237210258841515,
            0.005263722501695156,
            0.0,
            0.585978627204895,
            0.0,
            0.0,
            0.0023417724296450615
        ],
        [
            0.0,
            0.10280599445104599,
            0.0,
            0.01200084388256073,
            0.0037041378673166037,
            0.0,
            0.4750574231147766,
            0.0,
            0.0,
            0.0008657121215946972
        ],
        [
            0.0,
            0.578107476234436,
            0.0,
            0.0026176332030445337,
            0.006211554165929556,
            0.0,
            0.017573347315192223,
            0.0,
            0.0,
            0.0016359268920496106
        ],
        [
            0.0,
            0.0015097291907295585,
            0.0,
            0.016123738139867783,
            0.018133848905563354,
            0.0,
            0.004426979925483465,
            0.0,
            0.0,
            0.5081101059913635
        ]
    ]
}