{
    "exportFps": 30,
    "trackPath": "H:\\ProjectHi_2nd\\HiGame\\Content\\Data\\ShakespeareData_test\\LevelSequence\\Audio\\TTS_4000016_LevelSequence_Gen_0_06.wav",
    "CoreNodeName": "/World/audio2face/CoreFullface",
    "numFrames": 90,
    "numEmotions": 10,
    "emotionNames": [
        "amazement",
        "anger",
        "cheekiness",
        "disgust",
        "fear",
        "grief",
        "joy",
        "outofbreath",
        "pain",
        "sadness"
    ],
    "emotionFrames": [
        0.25,
        30.25,
        60.25,
        90.25
    ],
    "emotionKeys": [
        [
            0.0,
            0.012290376238524914,
            0.0,
            0.005486194510012865,
            0.0033178890589624643,
            0.0,
            0.5847880840301514,
            0.0,
            0.0,
            0.0020123713184148073
        ],
        [
            0.0,
            0.012658012099564075,
            0.0,
            0.0035064457915723324,
            0.003202203195542097,
            0.0,
            0.5876102447509766,
            0.0,
            0.0,
            0.0025754778180271387
        ],
        [
            0.0,
            0.007808302994817495,
            0.0,
            0.0038620934356004,
            0.004184982273727655,
            0.0,
            0.589264988899231,
            0.0,
            0.0,
            0.0029527621809393167
        ],
        [
            0.0,
            0.101531021296978,
            0.0,
            0.06522218137979507,
            0.07841174304485321,
            0.0,
            0.13055923581123352,
            0.0,
            0.0,
            0.09740429371595383
        ]
    ]
}