{
    "exportFps": 30,
    "trackPath": "H:\\ProjectHi_2nd\\HiGame\\Content\\Data\\ShakespeareData_test\\LevelSequence\\Audio\\TTS_4000014_LevelSequence_Gen_0_01.wav",
    "CoreNodeName": "/World/audio2face/CoreFullface",
    "numFrames": 128,
    "numEmotions": 10,
    "emotionNames": [
        "amazement",
        "anger",
        "cheekiness",
        "disgust",
        "fear",
        "grief",
        "joy",
        "outofbreath",
        "pain",
        "sadness"
    ],
    "emotionFrames": [
        0.0,
        30.0,
        60.0,
        90.0,
        120.0
    ],
    "emotionKeys": [
        [
            0.0,
            0.006831177044659853,
            0.0,
            0.0036362535320222378,
            0.005790127441287041,
            0.0,
            0.5883665084838867,
            0.0,
            0.0,
            0.002661061240360141
        ],
        [
            0.0,
            0.49304378032684326,
            0.0,
            0.0012010566424578428,
            0.0023748150561004877,
            0.0,
            0.18350708484649658,
            0.0,
            0.0,
            0.0010510552674531937
        ],
        [
            0.0,
            0.261377215385437,
            0.0,
            0.0015246348921209574,
            0.0021358435042202473,
            0.0,
            0.41866111755371094,
            0.0,
            0.0,
            0.0011224339250475168
        ],
        [
            0.0,
            0.4743775725364685,
            0.0,
            0.0019582784734666348,
            0.003179613733664155,
            0.0,
            0.18779169023036957,
            0.0,
            0.0,
            0.0009542492334730923
        ],
        [
            0.0,
            0.005636557936668396,
            0.0,
            0.5697818994522095,
            0.014591389335691929,
            0.0,
            0.002453714609146118,
            0.0,
            0.0,
            0.01442786119878292
        ]
    ]
}