{
    "exportFps": 30,
    "trackPath": "H:\\ProjectHi_2nd\\HiGame\\Content\\Data\\ShakespeareData_test\\LevelSequence\\Audio\\TTS_4000016_LevelSequence_Gen_0_00.wav",
    "CoreNodeName": "/World/audio2face/CoreFullface",
    "numFrames": 215,
    "numEmotions": 10,
    "emotionNames": [
        "amazement",
        "anger",
        "cheekiness",
        "disgust",
        "fear",
        "grief",
        "joy",
        "outofbreath",
        "pain",
        "sadness"
    ],
    "emotionFrames": [
        0.0,
        30.0,
        60.0,
        90.0,
        120.0,
        150.0,
        180.0,
        210.0
    ],
    "emotionKeys": [
        [
            0.0,
            0.012380189262330532,
            0.0,
            0.003195367055013776,
            0.009473390877246857,
            0.0,
            0.5808675289154053,
            0.0,
            0.0,
            0.0017915862845256925
        ],
        [
            0.0,
            0.5789498686790466,
            0.0,
            0.0023036489728838205,
            0.010237572714686394,
            0.0,
            0.010855702683329582,
            0.0,
            0.0,
            0.0019072388531640172
        ],
        [
            0.0,
            0.05736088380217552,
            0.0,
            0.0052280244417488575,
            0.045259006321430206,
            0.0,
            0.45024463534355164,
            0.0,
            0.0,
            0.003606731304898858
        ],
        [
            0.0,
            0.5216332674026489,
            0.0,
            0.0014583299634978175,
            0.006760447286069393,
            0.0,
            0.060972537845373154,
            0.0,
            0.0,
            0.0011292481794953346
        ],
        [
            0.0,
            0.4751996695995331,
            0.0,
            0.043523598462343216,
            0.01614624448120594,
            0.0,
            0.009139671921730042,
            0.0,
            0.0,
            0.0009052075911313295
        ],
        [
            0.0,
            0.590121865272522,
            0.0,
            0.0034216197673231363,
            0.003443328896537423,
            0.0,
            0.011224842630326748,
            0.0,
            0.0,
            0.003111758967861533
        ],
        [
            0.0,
            0.23490864038467407,
            0.0,
            0.05976571515202522,
            0.0690910667181015,
            0.0,
            0.026990072801709175,
            0.0,
            0.0,
            0.006667813751846552
        ],
        [
            0.0,
            0.0012582773342728615,
            0.0,
            0.011479591950774193,
            0.012471343390643597,
            0.0,
            0.0026906069833785295,
            0.0,
            0.0,
            0.5305495262145996
        ]
    ]
}