{
    "exportFps": 30,
    "trackPath": "H:\\ProjectHi_2nd\\HiGame\\Content\\Data\\ShakespeareData_test\\LevelSequence\\Audio\\TTS_4000005_LevelSequence_Gen_0_02.wav",
    "CoreNodeName": "/World/audio2face/CoreFullface",
    "numFrames": 160,
    "numEmotions": 10,
    "emotionNames": [
        "amazement",
        "anger",
        "cheekiness",
        "disgust",
        "fear",
        "grief",
        "joy",
        "outofbreath",
        "pain",
        "sadness"
    ],
    "emotionFrames": [
        0.25,
        30.25,
        60.25,
        90.25,
        120.25,
        150.25
    ],
    "emotionKeys": [
        [
            0.0,
            0.005899406503885984,
            0.0,
            0.0016982962843030691,
            0.005787610076367855,
            0.0,
            0.5722447037696838,
            0.0,
            0.0,
            0.0028039293829351664
        ],
        [
            0.0,
            0.036378778517246246,
            0.0,
            0.0016588111175224185,
            0.0039697811007499695,
            0.0,
            0.5717030167579651,
            0.0,
            0.0,
            0.00196237675845623
        ],
        [
            0.0,
            0.5878781676292419,
            0.0,
            0.0034642124082893133,
            0.006366931367665529,
            0.0,
            0.008421361446380615,
            0.0,
            0.0,
            0.0024290529545396566
        ],
        [
            0.0,
            0.5710161328315735,
            0.0,
            0.0016794857801869512,
            0.007395931053906679,
            0.0,
            0.011811328120529652,
            0.0,
            0.0,
            0.0017802640795707703
        ],
        [
            0.0,
            0.12475372105836868,
            0.0,
            0.0018003260483965278,
            0.0024161783512681723,
            0.0,
            0.5252878069877625,
            0.0,
            0.0,
            0.0011796326143667102
        ],
        [
            0.0,
            0.004279149230569601,
            0.0,
            0.0028826857451349497,
            0.5753991603851318,
            0.0,
            0.004821096546947956,
            0.0,
            0.0,
            0.009539085440337658
        ]
    ]
}