{
    "exportFps": 30,
    "trackPath": "H:\\ProjectHi_2nd\\HiGame\\Content\\Data\\ShakespeareData_test\\LevelSequence\\Audio\\TTS_4000000_LevelSequence_Gen_0_02.wav",
    "CoreNodeName": "/World/audio2face/CoreFullface",
    "numFrames": 78,
    "numEmotions": 10,
    "emotionNames": [
        "amazement",
        "anger",
        "cheekiness",
        "disgust",
        "fear",
        "grief",
        "joy",
        "outofbreath",
        "pain",
        "sadness"
    ],
    "emotionFrames": [
        0.0,
        30.0,
        60.0
    ],
    "emotionKeys": [
        [
            0.0,
            0.13483722507953644,
            0.0,
            0.0026433500461280346,
            0.00626532593742013,
            0.0,
            0.5032293796539307,
            0.0,
            0.0,
            0.0011829572031274438
        ],
        [
            0.0,
            0.06690406054258347,
            0.0,
            0.002152942353859544,
            0.004157599993050098,
            0.0,
            0.548698902130127,
            0.0,
            0.0,
            0.0020048446021974087
        ],
        [
            0.0,
            0.02767927199602127,
            0.0,
            0.00257174763828516,
            0.007152129430323839,
            0.0,
            0.5729308724403381,
            0.0,
            0.0,
            0.0017330069094896317
        ]
    ]
}