{
    "exportFps": 30,
    "trackPath": "H:\\ProjectHi_2nd\\HiGame\\Content\\Data\\ShakespeareData_test\\LevelSequence\\Audio\\TTS_4000008_LevelSequence_Gen_0_00.wav",
    "CoreNodeName": "/World/audio2face/CoreFullface",
    "numFrames": 162,
    "numEmotions": 10,
    "emotionNames": [
        "amazement",
        "anger",
        "cheekiness",
        "disgust",
        "fear",
        "grief",
        "joy",
        "outofbreath",
        "pain",
        "sadness"
    ],
    "emotionFrames": [
        0.0,
        30.0,
        60.0,
        90.0,
        120.0,
        150.0
    ],
    "emotionKeys": [
        [
            0.0,
            0.006923557259142399,
            0.0,
            0.0027163242921233177,
            0.0039031633641570807,
            0.0,
            0.5683656334877014,
            0.0,
            0.0,
            0.002308500465005636
        ],
        [
            0.0,
            0.0055505698546767235,
            0.0,
            0.004018895793706179,
            0.004862156230956316,
            0.0,
            0.5912292003631592,
            0.0,
            0.0,
            0.004361391998827457
        ],
        [
            0.0,
            0.010548349469900131,
            0.0,
            0.002964344806969166,
            0.004337366670370102,
            0.0,
            0.5877130627632141,
            0.0,
            0.0,
            0.003046592464670539
        ],
        [
            0.0,
            0.45127996802330017,
            0.0,
            0.0021944877225905657,
            0.012602432630956173,
            0.0,
            0.1102522760629654,
            0.0,
            0.0,
            0.0013933387817814946
        ],
        [
            0.0,
            0.5649286508560181,
            0.0,
            0.0024955172557383776,
            0.00870836153626442,
            0.0,
            0.02333761751651764,
            0.0,
            0.0,
            0.0017642660532146692
        ],
        [
            0.0,
            0.07776085287332535,
            0.0,
            0.22398741543293,
            0.10526382178068161,
            0.0,
            0.022646568715572357,
            0.0,
            0.0,
            0.06439616531133652
        ]
    ]
}