{
    "exportFps": 30,
    "trackPath": "H:\\ProjectHi_2nd\\HiGame\\Content\\Data\\ShakespeareData_test\\LevelSequence\\Audio\\TTS_4000016_LevelSequence_Gen_0_01.wav",
    "CoreNodeName": "/World/audio2face/CoreFullface",
    "numFrames": 171,
    "numEmotions": 10,
    "emotionNames": [
        "amazement",
        "anger",
        "cheekiness",
        "disgust",
        "fear",
        "grief",
        "joy",
        "outofbreath",
        "pain",
        "sadness"
    ],
    "emotionFrames": [
        0.25,
        30.25,
        60.25,
        90.25,
        120.25,
        150.25
    ],
    "emotionKeys": [
        [
            0.0,
            0.5908039808273315,
            0.0,
            0.004621551837772131,
            0.005453616846352816,
            0.0,
            0.005263913422822952,
            0.0,
            0.0,
            0.0034290626645088196
        ],
        [
            0.0,
            0.5631377696990967,
            0.0,
            0.0018220177153125405,
            0.022547852247953415,
            0.0,
            0.010599605739116669,
            0.0,
            0.0,
            0.0016759373247623444
        ],
        [
            0.0,
            0.01078962441533804,
            0.0,
            0.00336066004820168,
            0.004183909855782986,
            0.0,
            0.5889034867286682,
            0.0,
            0.0,
            0.002872415818274021
        ],
        [
            0.0,
            0.5150408148765564,
            0.0,
            0.001418250147253275,
            0.0023807836696505547,
            0.0,
            0.11818047612905502,
            0.0,
            0.0,
            0.001178370090201497
        ],
        [
            0.0,
            0.5880187153816223,
            0.0,
            0.004040524363517761,
            0.004944721702486277,
            0.0,
            0.00846194475889206,
            0.0,
            0.0,
            0.002487038727849722
        ],
        [
            0.0,
            0.008245667442679405,
            0.0,
            0.0040162657387554646,
            0.00483990041539073,
            0.0,
            0.5901472568511963,
            0.0,
            0.0,
            0.0028643053956329823
        ]
    ]
}