{
    "exportFps": 30,
    "trackPath": "H:\\ProjectHi_2nd\\HiGame\\Content\\Data\\ShakespeareData_test\\LevelSequence\\Audio\\TTS_4000016_LevelSequence_Gen_0_03.wav",
    "CoreNodeName": "/World/audio2face/CoreFullface",
    "numFrames": 47,
    "numEmotions": 10,
    "emotionNames": [
        "amazement",
        "anger",
        "cheekiness",
        "disgust",
        "fear",
        "grief",
        "joy",
        "outofbreath",
        "pain",
        "sadness"
    ],
    "emotionFrames": [
        0.25,
        30.25
    ],
    "emotionKeys": [
        [
            0.0,
            0.07647082209587097,
            0.0,
            0.01291463803499937,
            0.40164268016815186,
            0.0,
            0.06841626018285751,
            0.0,
            0.0,
            0.005970597732812166
        ],
        [
            0.0,
            0.007991877384483814,
            0.0,
            0.004058012738823891,
            0.5835041999816895,
            0.0,
            0.006833463441580534,
            0.0,
            0.0,
            0.0036115411203354597
        ]
    ]
}