{
    "exportFps": 30,
    "trackPath": "G:\\ProjectHi_2nd\\HiGame\\Content\\Data\\ShakespeareData\\LevelSequence\\Audio\\TTS_4000045_LevelSequence_Gen_0_08.wav",
    "CoreNodeName": "/World/audio2face/CoreFullface",
    "numFrames": 79,
    "numEmotions": 10,
    "emotionNames": [
        "amazement",
        "anger",
        "cheekiness",
        "disgust",
        "fear",
        "grief",
        "joy",
        "outofbreath",
        "pain",
        "sadness"
    ],
    "emotionFrames": [
        0.25,
        30.25,
        60.25
    ],
    "emotionKeys": [
        [
            0.0,
            0.4904729425907135,
            0.0,
            0.0020762495696544647,
            0.015174820087850094,
            0.0,
            0.07120747119188309,
            0.0,
            0.0,
            0.0012088078074157238
        ],
        [
            0.0,
            0.5921593308448792,
            0.0,
            0.003858044045045972,
            0.0050496128387749195,
            0.0,
            0.006570789497345686,
            0.0,
            0.0,
            0.0038244398310780525
        ],
        [
            0.0,
            0.01370629109442234,
            0.0,
            0.004712048452347517,
            0.5743991136550903,
            0.0,
            0.009969109669327736,
            0.0,
            0.0,
            0.0025304737500846386
        ]
    ]
}