{
    "exportFps": 30,
    "trackPath": "G:\\ProjectHi_2nd\\HiGame\\Content\\Data\\ShakespeareData\\LevelSequence\\Audio\\TTS_4000060_LevelSequence_Gen_0_03.wav",
    "CoreNodeName": "/World/audio2face/CoreFullface",
    "numFrames": 65,
    "numEmotions": 10,
    "emotionNames": [
        "amazement",
        "anger",
        "cheekiness",
        "disgust",
        "fear",
        "grief",
        "joy",
        "outofbreath",
        "pain",
        "sadness"
    ],
    "emotionFrames": [
        0.25,
        30.25,
        60.25
    ],
    "emotionKeys": [
        [
            0.0,
            0.588249921798706,
            0.0,
            0.004186371341347694,
            0.007113669533282518,
            0.0,
            0.006612490862607956,
            0.0,
            0.0,
            0.0025039713364094496
        ],
        [
            0.0,
            0.587939441204071,
            0.0,
            0.003915900830179453,
            0.01128283143043518,
            0.0,
            0.005511758849024773,
            0.0,
            0.0,
            0.0024305256083607674
        ],
        [
            0.0,
            0.004377348814159632,
            0.0,
            0.07576455920934677,
            0.04532914236187935,
            0.0,
            0.013229346834123135,
            0.0,
            0.0,
            0.36269044876098633
        ]
    ]
}