{
    "exportFps": 30,
    "trackPath": "G:\\ProjectHi_2nd\\HiGame\\Content\\Data\\ShakespeareData\\LevelSequence\\Audio\\TTS_4000047_LevelSequence_Gen_2_02.wav",
    "CoreNodeName": "/World/audio2face/CoreFullface",
    "numFrames": 324,
    "numEmotions": 10,
    "emotionNames": [
        "amazement",
        "anger",
        "cheekiness",
        "disgust",
        "fear",
        "grief",
        "joy",
        "outofbreath",
        "pain",
        "sadness"
    ],
    "emotionFrames": [
        0.25,
        30.25,
        60.25,
        90.25,
        120.25,
        150.25,
        180.25,
        210.25,
        240.25,
        270.25,
        300.25
    ],
    "emotionKeys": [
        [
            0.0,
            0.4722259044647217,
            0.0,
            0.003455270081758499,
            0.21002346277236938,
            0.0,
            0.006682994309812784,
            0.0,
            0.0,
            0.0011951649794355035
        ],
        [
            0.0,
            0.4953804612159729,
            0.0,
            0.00161678995937109,
            0.02384672872722149,
            0.0,
            0.038516197353601456,
            0.0,
            0.0,
            0.0009592213318683207
        ],
        [
            0.0,
            0.017151212319731712,
            0.0,
            0.002226689364761114,
            0.004447768442332745,
            0.0,
            0.5825973749160767,
            0.0,
            0.0,
            0.0023972424678504467
        ],
        [
            0.0,
            0.042641639709472656,
            0.0,
            0.0007736334810033441,
            0.011231889016926289,
            0.0,
            0.47551944851875305,
            0.0,
            0.0,
            0.001965330448001623
        ],
        [
            0.0,
            0.1151949018239975,
            0.0,
            0.0023136455565690994,
            0.11575578898191452,
            0.0,
            0.2096916288137436,
            0.0,
            0.0,
            0.002183331875130534
        ],
        [
            0.0,
            0.5580922365188599,
            0.0,
            0.0018366089789196849,
            0.008996349759399891,
            0.0,
            0.03701352700591087,
            0.0,
            0.0,
            0.0014163765590637922
        ],
        [
            0.0,
            0.2682560086250305,
            0.0,
            0.0012370133772492409,
            0.006624764297157526,
            0.0,
            0.32855159044265747,
            0.0,
            0.0,
            0.0007785245543345809
        ],
        [
            0.0,
            0.004802566487342119,
            0.0,
            0.003001726930961013,
            0.006828585173934698,
            0.0,
            0.5894990563392639,
            0.0,
            0.0,
            0.004173116758465767
        ],
        [
            0.0,
            0.5923387408256531,
            0.0,
            0.0038587129674851894,
            0.0050566610880196095,
            0.0,
            0.006489597726613283,
            0.0,
            0.0,
            0.003873419016599655
        ],
        [
            0.0,
            0.5916376709938049,
            0.0,
            0.0033423861023038626,
            0.007145454175770283,
            0.0,
            0.005552124697715044,
            0.0,
            0.0,
            0.0037964899092912674
        ],
        [
            0.0,
            0.046521976590156555,
            0.0,
            0.0025758608244359493,
            0.5664488077163696,
            0.0,
            0.004108917899429798,
            0.0,
            0.0,
            0.0023006624542176723
        ]
    ]
}