{
    "exportFps": 30,
    "trackPath": "G:\\ProjectHi_2nd\\HiGame\\Content\\Data\\ShakespeareData\\LevelSequence\\Audio\\TTS_4000036_LevelSequence_Gen_0_00.wav",
    "CoreNodeName": "/World/audio2face/CoreFullface",
    "numFrames": 77,
    "numEmotions": 10,
    "emotionNames": [
        "amazement",
        "anger",
        "cheekiness",
        "disgust",
        "fear",
        "grief",
        "joy",
        "outofbreath",
        "pain",
        "sadness"
    ],
    "emotionFrames": [
        0.25,
        30.25,
        60.25
    ],
    "emotionKeys": [
        [
            0.0,
            0.011704198084771633,
            0.0,
            0.0022164564579725266,
            0.015711821615695953,
            0.0,
            0.5761114954948425,
            0.0,
            0.0,
            0.001695639337413013
        ],
        [
            0.0,
            0.005117469467222691,
            0.0,
            0.005040422081947327,
            0.005199665203690529,
            0.0,
            0.5916888117790222,
            0.0,
            0.0,
            0.0041757551953196526
        ],
        [
            0.0,
            0.00438816798850894,
            0.0,
            0.00447392463684082,
            0.578273594379425,
            0.0,
            0.0026561557315289974,
            0.0,
            0.0,
            0.015161440707743168
        ]
    ]
}