{
    "exportFps": 30,
    "trackPath": "G:\\ProjectHi_2nd\\HiGame\\Content\\Data\\ShakespeareData\\LevelSequence\\Audio\\TTS_4000047_LevelSequence_Gen_0_02.wav",
    "CoreNodeName": "/World/audio2face/CoreFullface",
    "numFrames": 174,
    "numEmotions": 10,
    "emotionNames": [
        "amazement",
        "anger",
        "cheekiness",
        "disgust",
        "fear",
        "grief",
        "joy",
        "outofbreath",
        "pain",
        "sadness"
    ],
    "emotionFrames": [
        0.25,
        30.25,
        60.25,
        90.25,
        120.25,
        150.25
    ],
    "emotionKeys": [
        [
            0.0,
            0.5925701856613159,
            0.0,
            0.004568727221339941,
            0.005062773823738098,
            0.0,
            0.005874269176274538,
            0.0,
            0.0,
            0.003801800077781081
        ],
        [
            0.0,
            0.02943560853600502,
            0.0,
            0.00220796768553555,
            0.003572426037862897,
            0.0,
            0.5778324007987976,
            0.0,
            0.0,
            0.0019039801554754376
        ],
        [
            0.0,
            0.5789912939071655,
            0.0,
            0.0023101000115275383,
            0.006438715849071741,
            0.0,
            0.014580070041120052,
            0.0,
            0.0,
            0.002081262180581689
        ],
        [
            0.0,
            0.5926353335380554,
            0.0,
            0.004309351556003094,
            0.004813957028090954,
            0.0,
            0.005604748148471117,
            0.0,
            0.0,
            0.0040695685893297195
        ],
        [
            0.0,
            0.008593093603849411,
            0.0,
            0.00416730297729373,
            0.004506498109549284,
            0.0,
            0.5890774130821228,
            0.0,
            0.0,
            0.0031852060928940773
        ],
        [
            0.0,
            0.25654906034469604,
            0.0,
            0.004650504793971777,
            0.023392431437969208,
            0.0,
            0.24380981922149658,
            0.0,
            0.0,
            0.001063707866705954
        ]
    ]
}