{
    "exportFps": 30,
    "trackPath": "G:\\ProjectHi_2nd\\HiGame\\Content\\Data\\ShakespeareData\\LevelSequence\\Audio\\TTS_4000029_LevelSequence_Gen_0_03.wav",
    "CoreNodeName": "/World/audio2face/CoreFullface",
    "numFrames": 99,
    "numEmotions": 10,
    "emotionNames": [
        "amazement",
        "anger",
        "cheekiness",
        "disgust",
        "fear",
        "grief",
        "joy",
        "outofbreath",
        "pain",
        "sadness"
    ],
    "emotionFrames": [
        0.25,
        30.25,
        60.25,
        90.25
    ],
    "emotionKeys": [
        [
            0.0,
            0.008350752294063568,
            0.0,
            0.0028534408193081617,
            0.008343699388206005,
            0.0,
            0.5857099890708923,
            0.0,
            0.0,
            0.0021055920515209436
        ],
        [
            0.0,
            0.3299245238304138,
            0.0,
            0.00147160142660141,
            0.0024689091369509697,
            0.0,
            0.38237544894218445,
            0.0,
            0.0,
            0.0009812767384573817
        ],
        [
            0.0,
            0.0115083958953619,
            0.0,
            0.003146600443869829,
            0.0044254884123802185,
            0.0,
            0.5884414911270142,
            0.0,
            0.0,
            0.002532627899199724
        ],
        [
            0.0,
            0.0014981386484578252,
            0.0,
            0.0029184625018388033,
            0.09761101007461548,
            0.0,
            0.0011828107526525855,
            0.0,
            0.0,
            0.49318727850914
        ]
    ]
}