{
    "exportFps": 30,
    "trackPath": "G:\\ProjectHi_2nd\\HiGame\\Content\\Data\\ShakespeareData\\LevelSequence\\Audio\\TTS_4000047_LevelSequence_Gen_2_08.wav",
    "CoreNodeName": "/World/audio2face/CoreFullface",
    "numFrames": 62,
    "numEmotions": 10,
    "emotionNames": [
        "amazement",
        "anger",
        "cheekiness",
        "disgust",
        "fear",
        "grief",
        "joy",
        "outofbreath",
        "pain",
        "sadness"
    ],
    "emotionFrames": [
        0.25,
        29.25,
        59.25
    ],
    "emotionKeys": [
        [
            0.0,
            0.28088268637657166,
            0.0,
            0.0024026590399444103,
            0.18207646906375885,
            0.0,
            0.059374891221523285,
            0.0,
            0.0,
            0.001002226839773357
        ],
        [
            0.0,
            0.005267724394798279,
            0.0,
            0.001087596989236772,
            0.25733482837677,
            0.0,
            0.3572115898132324,
            0.0,
            0.0,
            0.0009380712872371078
        ],
        [
            0.0,
            0.0018331095343455672,
            0.0,
            0.017630016431212425,
            0.01984603889286518,
            0.0,
            0.006378409918397665,
            0.0,
            0.0,
            0.47012966871261597
        ]
    ]
}