{
    "exportFps": 30,
    "trackPath": "G:\\ProjectHi_2nd\\HiGame\\Content\\Data\\ShakespeareData\\LevelSequence\\Audio\\TTS_4000000_LevelSequence_Gen_0_00.wav",
    "CoreNodeName": "/World/audio2face/CoreFullface",
    "numFrames": 175,
    "numEmotions": 10,
    "emotionNames": [
        "amazement",
        "anger",
        "cheekiness",
        "disgust",
        "fear",
        "grief",
        "joy",
        "outofbreath",
        "pain",
        "sadness"
    ],
    "emotionFrames": [
        0.25,
        30.25,
        60.25,
        90.25,
        120.25,
        150.25
    ],
    "emotionKeys": [
        [
            0.0,
            0.5792219638824463,
            0.0,
            0.0031183480750769377,
            0.006754197180271149,
            0.0,
            0.011057098396122456,
            0.0,
            0.0,
            0.0016498368931934237
        ],
        [
            0.0,
            0.5876497626304626,
            0.0,
            0.0029757062438875437,
            0.0049529969692230225,
            0.0,
            0.008355379104614258,
            0.0,
            0.0,
            0.002775308908894658
        ],
        [
            0.0,
            0.038947563618421555,
            0.0,
            0.0026506029535084963,
            0.5626072883605957,
            0.0,
            0.005877601448446512,
            0.0,
            0.0,
            0.0021184321958571672
        ],
        [
            0.0,
            0.1340242177248001,
            0.0,
            0.00094141426961869,
            0.036707211285829544,
            0.0,
            0.28967222571372986,
            0.0,
            0.0,
            0.0009069349034689367
        ],
        [
            0.0,
            0.010894721373915672,
            0.0,
            0.0029957457445561886,
            0.00396445719525218,
            0.0,
            0.5884991884231567,
            0.0,
            0.0,
            0.0028311412315815687
        ],
        [
            0.0,
            0.5680436491966248,
            0.0,
            0.002820816822350025,
            0.005291782785207033,
            0.0,
            0.034651804715394974,
            0.0,
            0.0,
            0.0014033302431926131
        ]
    ]
}