{
    "exportFps": 30,
    "trackPath": "G:\\ProjectHi_2nd\\HiGame\\Content\\Data\\ShakespeareData\\LevelSequence\\Audio\\TTS_4000029_LevelSequence_Gen_0_00.wav",
    "CoreNodeName": "/World/audio2face/CoreFullface",
    "numFrames": 215,
    "numEmotions": 10,
    "emotionNames": [
        "amazement",
        "anger",
        "cheekiness",
        "disgust",
        "fear",
        "grief",
        "joy",
        "outofbreath",
        "pain",
        "sadness"
    ],
    "emotionFrames": [
        0.25,
        30.25,
        60.25,
        90.25,
        120.25,
        150.25,
        180.25,
        210.25
    ],
    "emotionKeys": [
        [
            0.0,
            0.0038091368041932583,
            0.0,
            0.004780751187354326,
            0.5798922777175903,
            0.0,
            0.004889367613941431,
            0.0,
            0.0,
            0.009439992718398571
        ],
        [
            0.0,
            0.47568896412849426,
            0.0,
            0.002761172130703926,
            0.012445413507521152,
            0.0,
            0.10317020118236542,
            0.0,
            0.0,
            0.0012827528407797217
        ],
        [
            0.0,
            0.2357352077960968,
            0.0,
            0.001996166305616498,
            0.09649386256933212,
            0.0,
            0.09863533824682236,
            0.0,
            0.0,
            0.002367515116930008
        ],
        [
            0.0,
            0.006245204713195562,
            0.0,
            0.0033256392925977707,
            0.007236472796648741,
            0.0,
            0.5901212692260742,
            0.0,
            0.0,
            0.003370634512975812
        ],
        [
            0.0,
            0.37276554107666016,
            0.0,
            0.0011874435003846884,
            0.002571068936958909,
            0.0,
            0.3387409448623657,
            0.0,
            0.0,
            0.000990784028545022
        ],
        [
            0.0,
            0.15022796392440796,
            0.0,
            0.0014498375821858644,
            0.002459486946463585,
            0.0,
            0.5030751824378967,
            0.0,
            0.0,
            0.001171921263448894
        ],
        [
            0.0,
            0.008422093465924263,
            0.0,
            0.002492537721991539,
            0.00614573247730732,
            0.0,
            0.5874949097633362,
            0.0,
            0.0,
            0.0028270608745515347
        ],
        [
            0.0,
            0.032942794263362885,
            0.0,
            0.08254677057266235,
            0.20174290239810944,
            0.0,
            0.12008722126483917,
            0.0,
            0.0,
            0.0712653174996376
        ]
    ]
}