{
    "exportFps": 30,
    "trackPath": "G:\\ProjectHi_2nd\\HiGame\\Content\\Data\\ShakespeareData\\LevelSequence\\Audio\\TTS_4000064_LevelSequence_Gen_0_09.wav",
    "CoreNodeName": "/World/audio2face/CoreFullface",
    "numFrames": 93,
    "numEmotions": 10,
    "emotionNames": [
        "amazement",
        "anger",
        "cheekiness",
        "disgust",
        "fear",
        "grief",
        "joy",
        "outofbreath",
        "pain",
        "sadness"
    ],
    "emotionFrames": [
        0.25,
        30.25,
        60.25,
        89.25
    ],
    "emotionKeys": [
        [
            0.0,
            0.01026343647390604,
            0.0,
            0.0031347181648015976,
            0.00491957226768136,
            0.0,
            0.586318850517273,
            0.0,
            0.0,
            0.002439690288156271
        ],
        [
            0.0,
            0.007029093336313963,
            0.0,
            0.0034263664856553078,
            0.005267119500786066,
            0.0,
            0.5903367400169373,
            0.0,
            0.0,
            0.003411372657865286
        ],
        [
            0.0,
            0.5905437469482422,
            0.0,
            0.004440402612090111,
            0.006142249796539545,
            0.0,
            0.006322274450212717,
            0.0,
            0.0,
            0.0030054303351789713
        ],
        [
            0.0,
            0.003205233486369252,
            0.0,
            0.08101078122854233,
            0.053980715572834015,
            0.0,
            0.007070433348417282,
            0.0,
            0.0,
            0.4194188714027405
        ]
    ]
}