{
    "exportFps": 30,
    "trackPath": "G:\\ProjectHi_2nd\\HiGame\\Content\\Data\\ShakespeareData\\LevelSequence\\Audio\\TTS_4000013_LevelSequence_Gen_0_04.wav",
    "CoreNodeName": "/World/audio2face/CoreFullface",
    "numFrames": 49,
    "numEmotions": 10,
    "emotionNames": [
        "amazement",
        "anger",
        "cheekiness",
        "disgust",
        "fear",
        "grief",
        "joy",
        "outofbreath",
        "pain",
        "sadness"
    ],
    "emotionFrames": [
        0.25,
        30.25
    ],
    "emotionKeys": [
        [
            0.0,
            0.13894641399383545,
            0.0,
            0.0015150594990700483,
            0.022719884291291237,
            0.0,
            0.41478267312049866,
            0.0,
            0.0,
            0.0009522113250568509
        ],
        [
            0.0,
            0.018347928300499916,
            0.0,
            0.0015274728648364544,
            0.5392929315567017,
            0.0,
            0.02529175393283367,
            0.0,
            0.0,
            0.001232233946211636
        ]
    ]
}