{
    "exportFps": 30,
    "trackPath": "G:\\ProjectHi_2nd\\HiGame\\Content\\Data\\ShakespeareData\\LevelSequence\\Audio\\TTS_4000017_LevelSequence_Gen_0_01.wav",
    "CoreNodeName": "/World/audio2face/CoreFullface",
    "numFrames": 74,
    "numEmotions": 10,
    "emotionNames": [
        "amazement",
        "anger",
        "cheekiness",
        "disgust",
        "fear",
        "grief",
        "joy",
        "outofbreath",
        "pain",
        "sadness"
    ],
    "emotionFrames": [
        0.25,
        30.25,
        60.25
    ],
    "emotionKeys": [
        [
            0.0,
            0.027880553156137466,
            0.0,
            0.0024507020134478807,
            0.5737245678901672,
            0.0,
            0.005544054321944714,
            0.0,
            0.0,
            0.0025270204059779644
        ],
        [
            0.0,
            0.35031214356422424,
            0.0,
            0.0013306268956512213,
            0.3846191465854645,
            0.0,
            0.003393793012946844,
            0.0,
            0.0,
            0.0015424668090417981
        ],
        [
            0.0,
            0.5751098990440369,
            0.0,
            0.0020001945085823536,
            0.010651208460330963,
            0.0,
            0.021563753485679626,
            0.0,
            0.0,
            0.0013165866257622838
        ]
    ]
}