{
    "exportFps": 30,
    "trackPath": "G:\\ProjectHi_2nd\\HiGame\\Content\\Data\\ShakespeareData\\LevelSequence\\Audio\\TTS_4000054_LevelSequence_Gen_0_01.wav",
    "CoreNodeName": "/World/audio2face/CoreFullface",
    "numFrames": 204,
    "numEmotions": 10,
    "emotionNames": [
        "amazement",
        "anger",
        "cheekiness",
        "disgust",
        "fear",
        "grief",
        "joy",
        "outofbreath",
        "pain",
        "sadness"
    ],
    "emotionFrames": [
        0.25,
        30.25,
        60.25,
        90.25,
        120.25,
        150.25,
        180.25
    ],
    "emotionKeys": [
        [
            0.0,
            0.005417185835540295,
            0.0,
            0.004179973155260086,
            0.5859378576278687,
            0.0,
            0.006594251841306686,
            0.0,
            0.0,
            0.005342925898730755
        ],
        [
            0.0,
            0.5603640079498291,
            0.0,
            0.0025451809633523226,
            0.00825873389840126,
            0.0,
            0.02911417745053768,
            0.0,
            0.0,
            0.00131966732442379
        ],
        [
            0.0,
            0.5901808738708496,
            0.0,
            0.0032526147551834583,
            0.005496086087077856,
            0.0,
            0.00753561919555068,
            0.0,
            0.0,
            0.003345344914123416
        ],
        [
            0.0,
            0.006503665819764137,
            0.0,
            0.0051098973490297794,
            0.004268251825124025,
            0.0,
            0.5916208624839783,
            0.0,
            0.0,
            0.0038129505701363087
        ],
        [
            0.0,
            0.5927980542182922,
            0.0,
            0.0040946644730865955,
            0.004896694794297218,
            0.0,
            0.006726469378918409,
            0.0,
            0.0,
            0.003966241609305143
        ],
        [
            0.0,
            0.04942614585161209,
            0.0,
            0.001778507954441011,
            0.007281830534338951,
            0.0,
            0.5587540864944458,
            0.0,
            0.0,
            0.0013454065192490816
        ],
        [
            0.0,
            0.0201505608856678,
            0.0,
            0.0026031085290014744,
            0.14299339056015015,
            0.0,
            0.3734710216522217,
            0.0,
            0.0,
            0.005932067986577749
        ]
    ]
}