{
    "exportFps": 30,
    "trackPath": "G:\\ProjectHi_2nd\\HiGame\\Content\\Data\\ShakespeareData\\LevelSequence\\Audio\\TTS_4000005_LevelSequence_Gen_0_00.wav",
    "CoreNodeName": "/World/audio2face/CoreFullface",
    "numFrames": 126,
    "numEmotions": 10,
    "emotionNames": [
        "amazement",
        "anger",
        "cheekiness",
        "disgust",
        "fear",
        "grief",
        "joy",
        "outofbreath",
        "pain",
        "sadness"
    ],
    "emotionFrames": [
        0.25,
        30.25,
        60.25,
        90.25,
        120.25
    ],
    "emotionKeys": [
        [
            0.0,
            0.00593269569799304,
            0.0,
            0.004967241082340479,
            0.5894463062286377,
            0.0,
            0.005336036439985037,
            0.0,
            0.0,
            0.0060368250124156475
        ],
        [
            0.0,
            0.00633604871109128,
            0.0,
            0.004169662017375231,
            0.5881109833717346,
            0.0,
            0.005229504778981209,
            0.0,
            0.0,
            0.006368160247802734
        ],
        [
            0.0,
            0.1739320307970047,
            0.0,
            0.002307156566530466,
            0.4896429479122162,
            0.0,
            0.002997780218720436,
            0.0,
            0.0,
            0.0018683798843994737
        ],
        [
            0.0,
            0.5930377244949341,
            0.0,
            0.004173280671238899,
            0.005832936614751816,
            0.0,
            0.0054045310243964195,
            0.0,
            0.0,
            0.00436034519225359
        ],
        [
            0.0,
            0.006660733837634325,
            0.0,
            0.004478923045098782,
            0.5882328748703003,
            0.0,
            0.005934811197221279,
            0.0,
            0.0,
            0.005276451352983713
        ]
    ]
}