{
    "exportFps": 30,
    "trackPath": "G:\\ProjectHi_2nd\\HiGame\\Content\\Data\\ShakespeareData\\LevelSequence\\Audio\\TTS_4000036_LevelSequence_Gen_0_02.wav",
    "CoreNodeName": "/World/audio2face/CoreFullface",
    "numFrames": 97,
    "numEmotions": 10,
    "emotionNames": [
        "amazement",
        "anger",
        "cheekiness",
        "disgust",
        "fear",
        "grief",
        "joy",
        "outofbreath",
        "pain",
        "sadness"
    ],
    "emotionFrames": [
        0.25,
        30.25,
        60.25,
        90.25
    ],
    "emotionKeys": [
        [
            0.0,
            0.29562145471572876,
            0.0,
            0.0020333791617304087,
            0.39935457706451416,
            0.0,
            0.006793206091970205,
            0.0,
            0.0,
            0.0010024821385741234
        ],
        [
            0.0,
            0.008390850387513638,
            0.0,
            0.004050491843372583,
            0.5889672636985779,
            0.0,
            0.00557824969291687,
            0.0,
            0.0,
            0.005124490708112717
        ],
        [
            0.0,
            0.3522537052631378,
            0.0,
            0.001128472271375358,
            0.010469071567058563,
            0.0,
            0.12057377398014069,
            0.0,
            0.0,
            0.001594635541550815
        ],
        [
            0.0,
            0.0055877286940813065,
            0.0,
            0.5852565765380859,
            0.005194220691919327,
            0.0,
            0.003879380412399769,
            0.0,
            0.0,
            0.005052180029451847
        ]
    ]
}