{
    "exportFps": 30,
    "trackPath": "G:\\ProjectHi_2nd\\HiGame\\Content\\Data\\ShakespeareData\\LevelSequence\\Audio\\TTS_4000047_LevelSequence_Gen_1_01.wav",
    "CoreNodeName": "/World/audio2face/CoreFullface",
    "numFrames": 143,
    "numEmotions": 10,
    "emotionNames": [
        "amazement",
        "anger",
        "cheekiness",
        "disgust",
        "fear",
        "grief",
        "joy",
        "outofbreath",
        "pain",
        "sadness"
    ],
    "emotionFrames": [
        0.25,
        30.25,
        60.25,
        90.25,
        120.25
    ],
    "emotionKeys": [
        [
            0.0,
            0.4405849277973175,
            0.0,
            0.002525846939533949,
            0.052270837128162384,
            0.0,
            0.0708598643541336,
            0.0,
            0.0,
            0.0009734673658385873
        ],
        [
            0.0,
            0.5890576839447021,
            0.0,
            0.0034946869127452374,
            0.0058374907821416855,
            0.0,
            0.007634527049958706,
            0.0,
            0.0,
            0.003166670212522149
        ],
        [
            0.0,
            0.5917177200317383,
            0.0,
            0.0037131893914192915,
            0.00608937768265605,
            0.0,
            0.006184105761349201,
            0.0,
            0.0,
            0.0036529810167849064
        ],
        [
            0.0,
            0.09213168919086456,
            0.0,
            0.0008958465768955648,
            0.02549140900373459,
            0.0,
            0.43266844749450684,
            0.0,
            0.0,
            0.0007876722957007587
        ],
        [
            0.0,
            0.03626178577542305,
            0.0,
            0.002594251185655594,
            0.5202686190605164,
            0.0,
            0.016460010781884193,
            0.0,
            0.0,
            0.002147455932572484
        ]
    ]
}