{
    "exportFps": 30,
    "trackPath": "G:\\ProjectHi_2nd\\HiGame\\Content\\Data\\ShakespeareData\\LevelSequence\\Audio\\TTS_4000038_LevelSequence_Gen_0_02.wav",
    "CoreNodeName": "/World/audio2face/CoreFullface",
    "numFrames": 138,
    "numEmotions": 10,
    "emotionNames": [
        "amazement",
        "anger",
        "cheekiness",
        "disgust",
        "fear",
        "grief",
        "joy",
        "outofbreath",
        "pain",
        "sadness"
    ],
    "emotionFrames": [
        0.25,
        29.25,
        59.25,
        90.25,
        119.25
    ],
    "emotionKeys": [
        [
            0.0,
            0.5917036533355713,
            0.0,
            0.004539036191999912,
            0.005622264929115772,
            0.0,
            0.005706239957362413,
            0.0,
            0.0,
            0.0036094398237764835
        ],
        [
            0.0,
            0.012213257141411304,
            0.0,
            0.003115750150755048,
            0.004836527165025473,
            0.0,
            0.5858087539672852,
            0.0,
            0.0,
            0.0022013334091752768
        ],
        [
            0.0,
            0.5910025835037231,
            0.0,
            0.00321406708098948,
            0.004200242459774017,
            0.0,
            0.008989157155156136,
            0.0,
            0.0,
            0.0033335189800709486
        ],
        [
            0.0,
            0.02140810154378414,
            0.0,
            0.0028835178818553686,
            0.0034528595861047506,
            0.0,
            0.5835957527160645,
            0.0,
            0.0,
            0.0021391462069004774
        ],
        [
            0.0,
            0.006621821783483028,
            0.0,
            0.003868354018777609,
            0.005837681703269482,
            0.0,
            0.5899816751480103,
            0.0,
            0.0,
            0.0025825374759733677
        ]
    ]
}