{
    "exportFps": 30,
    "trackPath": "G:\\ProjectHi_2nd\\HiGame\\Content\\Data\\ShakespeareData\\LevelSequence\\Audio\\TTS_4000035_LevelSequence_Gen_0_06.wav",
    "CoreNodeName": "/World/audio2face/CoreFullface",
    "numFrames": 176,
    "numEmotions": 10,
    "emotionNames": [
        "amazement",
        "anger",
        "cheekiness",
        "disgust",
        "fear",
        "grief",
        "joy",
        "outofbreath",
        "pain",
        "sadness"
    ],
    "emotionFrames": [
        0.25,
        30.25,
        60.25,
        90.25,
        120.25,
        150.25
    ],
    "emotionKeys": [
        [
            0.0,
            0.016682129353284836,
            0.0,
            0.2110081911087036,
            0.420433908700943,
            0.0,
            0.008658123202621937,
            0.0,
            0.0,
            0.008323059417307377
        ],
        [
            0.0,
            0.0012795726070180535,
            0.0,
            0.0027881022542715073,
            0.5380380153656006,
            0.0,
            0.04472123831510544,
            0.0,
            0.0,
            0.016336387023329735
        ],
        [
            0.0,
            0.5811284780502319,
            0.0,
            0.001991601660847664,
            0.02492588944733143,
            0.0,
            0.006035639438778162,
            0.0,
            0.0,
            0.0020061854738742113
        ],
        [
            0.0,
            0.3612280786037445,
            0.0,
            0.001524650608189404,
            0.1869753897190094,
            0.0,
            0.019240332767367363,
            0.0,
            0.0,
            0.001486909226514399
        ],
        [
            0.0,
            0.03549068421125412,
            0.0,
            0.0014612076338380575,
            0.008455256000161171,
            0.0,
            0.5605417490005493,
            0.0,
            0.0,
            0.0014843298122286797
        ],
        [
            0.0,
            0.0030853119678795338,
            0.0,
            0.0020241534803062677,
            0.04037364572286606,
            0.0,
            0.5664755702018738,
            0.0,
            0.0,
            0.002477698028087616
        ]
    ]
}