{
    "exportFps": 30,
    "trackPath": "G:\\ProjectHi_2nd\\HiGame\\Content\\Data\\ShakespeareData\\LevelSequence\\Audio\\TTS_4000045_LevelSequence_Gen_0_01.wav",
    "CoreNodeName": "/World/audio2face/CoreFullface",
    "numFrames": 208,
    "numEmotions": 10,
    "emotionNames": [
        "amazement",
        "anger",
        "cheekiness",
        "disgust",
        "fear",
        "grief",
        "joy",
        "outofbreath",
        "pain",
        "sadness"
    ],
    "emotionFrames": [
        0.25,
        30.25,
        60.25,
        90.25,
        120.25,
        150.25,
        180.25
    ],
    "emotionKeys": [
        [
            0.0,
            0.009617980569601059,
            0.0,
            0.003816496580839157,
            0.0040935431607067585,
            0.0,
            0.5883697271347046,
            0.0,
            0.0,
            0.002511794911697507
        ],
        [
            0.0,
            0.00573626859113574,
            0.0,
            0.004167316947132349,
            0.005076870322227478,
            0.0,
            0.5914222598075867,
            0.0,
            0.0,
            0.0037248628214001656
        ],
        [
            0.0,
            0.585138201713562,
            0.0,
            0.0027467997279018164,
            0.020581230521202087,
            0.0,
            0.00507381372153759,
            0.0,
            0.0,
            0.002218577079474926
        ],
        [
            0.0,
            0.029945233836770058,
            0.0,
            0.0021351624745875597,
            0.0028848727233707905,
            0.0,
            0.5773941278457642,
            0.0,
            0.0,
            0.002021034248173237
        ],
        [
            0.0,
            0.03451552614569664,
            0.0,
            0.0022122145164757967,
            0.0025491935666650534,
            0.0,
            0.5742167234420776,
            0.0,
            0.0,
            0.0017836206825450063
        ],
        [
            0.0,
            0.5899897813796997,
            0.0,
            0.003544278908520937,
            0.005338707473129034,
            0.0,
            0.007112777791917324,
            0.0,
            0.0,
            0.003192615695297718
        ],
        [
            0.0,
            0.0869583934545517,
            0.0,
            0.027319611981511116,
            0.2664077877998352,
            0.0,
            0.04254613816738129,
            0.0,
            0.0,
            0.019576124846935272
        ]
    ]
}