{
    "exportFps": 30,
    "trackPath": "G:\\ProjectHi_2nd\\HiGame\\Content\\Data\\ShakespeareData\\LevelSequence\\Audio\\TTS_4000057_LevelSequence_Gen_0_00.wav",
    "CoreNodeName": "/World/audio2face/CoreFullface",
    "numFrames": 106,
    "numEmotions": 10,
    "emotionNames": [
        "amazement",
        "anger",
        "cheekiness",
        "disgust",
        "fear",
        "grief",
        "joy",
        "outofbreath",
        "pain",
        "sadness"
    ],
    "emotionFrames": [
        0.0,
        30.0,
        60.0,
        90.0
    ],
    "emotionKeys": [
        [
            0.0,
            0.002479019807651639,
            0.0,
            0.010874766856431961,
            0.1702910214662552,
            0.0,
            0.17411287128925323,
            0.0,
            0.0,
            0.1396946907043457
        ],
        [
            0.0,
            0.5895681977272034,
            0.0,
            0.0036882716231048107,
            0.007235222030431032,
            0.0,
            0.005706703290343285,
            0.0,
            0.0,
            0.00323204486630857
        ],
        [
            0.0,
            0.5925856828689575,
            0.0,
            0.004075636155903339,
            0.005742719862610102,
            0.0,
            0.005353169050067663,
            0.0,
            0.0,
            0.004134505055844784
        ],
        [
            0.0,
            0.10247300565242767,
            0.0,
            0.02055080235004425,
            0.49116262793540955,
            0.0,
            0.007121492642909288,
            0.0,
            0.0,
            0.0015624535735696554
        ]
    ]
}