{
    "exportFps": 30,
    "trackPath": "G:\\ProjectHi_2nd\\HiGame\\Content\\Data\\ShakespeareData\\LevelSequence\\Audio\\TTS_4000016_LevelSequence_Gen_0_06.wav",
    "CoreNodeName": "/World/audio2face/CoreFullface",
    "numFrames": 90,
    "numEmotions": 10,
    "emotionNames": [
        "amazement",
        "anger",
        "cheekiness",
        "disgust",
        "fear",
        "grief",
        "joy",
        "outofbreath",
        "pain",
        "sadness"
    ],
    "emotionFrames": [
        0.25,
        30.25,
        60.25,
        90.25
    ],
    "emotionKeys": [
        [
            0.0,
            0.012277348898351192,
            0.0,
            0.0054858410730957985,
            0.003319110255688429,
            0.0,
            0.5848036408424377,
            0.0,
            0.0,
            0.002013792749494314
        ],
        [
            0.0,
            0.012645202688872814,
            0.0,
            0.0035078758373856544,
            0.003203681204468012,
            0.0,
            0.5876193642616272,
            0.0,
            0.0,
            0.002576674334704876
        ],
        [
            0.0,
            0.007807211019098759,
            0.0,
            0.0038629237096756697,
            0.004184877034276724,
            0.0,
            0.589267373085022,
            0.0,
            0.0,
            0.0029533246997743845
        ],
        [
            0.0,
            0.10152799636125565,
            0.0,
            0.06522732228040695,
            0.07841771841049194,
            0.0,
            0.13055934011936188,
            0.0,
            0.0,
            0.09740940481424332
        ]
    ]
}