{
    "exportFps": 30,
    "trackPath": "G:\\ProjectHi_2nd\\HiGame\\Content\\Data\\ShakespeareData\\LevelSequence\\Audio\\TTS_4000070_LevelSequence_Gen_0_01.wav",
    "CoreNodeName": "/World/audio2face/CoreFullface",
    "numFrames": 168,
    "numEmotions": 10,
    "emotionNames": [
        "amazement",
        "anger",
        "cheekiness",
        "disgust",
        "fear",
        "grief",
        "joy",
        "outofbreath",
        "pain",
        "sadness"
    ],
    "emotionFrames": [
        0.25,
        30.25,
        60.25,
        89.25,
        120.25,
        150.25
    ],
    "emotionKeys": [
        [
            0.0,
            0.005121003370732069,
            0.0,
            0.005406497977674007,
            0.5892625451087952,
            0.0,
            0.005071178078651428,
            0.0,
            0.0,
            0.006939635146409273
        ],
        [
            0.0,
            0.004544869530946016,
            0.0,
            0.002784214448183775,
            0.5514789819717407,
            0.0,
            0.043633002787828445,
            0.0,
            0.0,
            0.0027833275962620974
        ],
        [
            0.0,
            0.00932302512228489,
            0.0,
            0.004357118159532547,
            0.004725371487438679,
            0.0,
            0.5870935916900635,
            0.0,
            0.0,
            0.002895993646234274
        ],
        [
            0.0,
            0.5927363038063049,
            0.0,
            0.004713738802820444,
            0.005075711291283369,
            0.0,
            0.005643441807478666,
            0.0,
            0.0,
            0.00404255511239171
        ],
        [
            0.0,
            0.007532550487667322,
            0.0,
            0.002298337174579501,
            0.013370368629693985,
            0.0,
            0.5813389420509338,
            0.0,
            0.0,
            0.002141376491636038
        ],
        [
            0.0,
            0.00996431428939104,
            0.0,
            0.011022079735994339,
            0.011805461719632149,
            0.0,
            0.344011515378952,
            0.0,
            0.0,
            0.01281882356852293
        ]
    ]
}