{
    "exportFps": 30,
    "trackPath": "G:\\ProjectHi_2nd\\HiGame\\Content\\Data\\ShakespeareData\\LevelSequence\\Audio\\TTS_4000054_LevelSequence_Gen_0_05.wav",
    "CoreNodeName": "/World/audio2face/CoreFullface",
    "numFrames": 184,
    "numEmotions": 10,
    "emotionNames": [
        "amazement",
        "anger",
        "cheekiness",
        "disgust",
        "fear",
        "grief",
        "joy",
        "outofbreath",
        "pain",
        "sadness"
    ],
    "emotionFrames": [
        0.25,
        29.25,
        59.25,
        90.25,
        119.25,
        150.25,
        180.25
    ],
    "emotionKeys": [
        [
            0.0,
            0.5764375329017639,
            0.0,
            0.0028093818109482527,
            0.0151219442486763,
            0.0,
            0.006468973588198423,
            0.0,
            0.0,
            0.0019095083698630333
        ],
        [
            0.0,
            0.4343246817588806,
            0.0,
            0.0015577449230477214,
            0.003501922357827425,
            0.0,
            0.24089594185352325,
            0.0,
            0.0,
            0.0010216501541435719
        ],
        [
            0.0,
            0.18971382081508636,
            0.0,
            0.003639345057308674,
            0.0073354304768145084,
            0.0,
            0.4090794622898102,
            0.0,
            0.0,
            0.001112634432502091
        ],
        [
            0.0,
            0.3604077100753784,
            0.0,
            0.0027712243609130383,
            0.003101371694356203,
            0.0,
            0.2942732572555542,
            0.0,
            0.0,
            0.0008722720667719841
        ],
        [
            0.0,
            0.5889419317245483,
            0.0,
            0.003053542459383607,
            0.004769003484398127,
            0.0,
            0.010128425434231758,
            0.0,
            0.0,
            0.002765148878097534
        ],
        [
            0.0,
            0.5931908488273621,
            0.0,
            0.004032391123473644,
            0.0057542226277291775,
            0.0,
            0.0055739083327353,
            0.0,
            0.0,
            0.004350306466221809
        ],
        [
            0.0,
            0.0034610966686159372,
            0.0,
            0.057006120681762695,
            0.05413154140114784,
            0.0,
            0.011355326510965824,
            0.0,
            0.0,
            0.4024212062358856
        ]
    ]
}