{
    "exportFps": 30,
    "trackPath": "G:\\ProjectHi_2nd\\HiGame\\Content\\Data\\ShakespeareData\\LevelSequence\\Audio\\TTS_4000017_LevelSequence_Gen_3_01.wav",
    "CoreNodeName": "/World/audio2face/CoreFullface",
    "numFrames": 156,
    "numEmotions": 10,
    "emotionNames": [
        "amazement",
        "anger",
        "cheekiness",
        "disgust",
        "fear",
        "grief",
        "joy",
        "outofbreath",
        "pain",
        "sadness"
    ],
    "emotionFrames": [
        0.0,
        30.0,
        60.0,
        90.0,
        120.0,
        150.0
    ],
    "emotionKeys": [
        [
            0.0,
            0.006236466579139233,
            0.0,
            0.0032615570817142725,
            0.0065568373538553715,
            0.0,
            0.5887861251831055,
            0.0,
            0.0,
            0.0030567587818950415
        ],
        [
            0.0,
            0.08692142367362976,
            0.0,
            0.001428278861567378,
            0.007783923763781786,
            0.0,
            0.5110083222389221,
            0.0,
            0.0,
            0.0017109705368056893
        ],
        [
            0.0,
            0.02133886143565178,
            0.0,
            0.003251651069149375,
            0.48512983322143555,
            0.0,
            0.05647508054971695,
            0.0,
            0.0,
            0.003234680974856019
        ],
        [
            0.0,
            0.5931257605552673,
            0.0,
            0.004166162572801113,
            0.005189069546759129,
            0.0,
            0.005975520703941584,
            0.0,
            0.0,
            0.004294027574360371
        ],
        [
            0.0,
            0.5794550776481628,
            0.0,
            0.005396267864853144,
            0.0034527385141700506,
            0.0,
            0.01644640974700451,
            0.0,
            0.0,
            0.0015739609953016043
        ],
        [
            0.0,
            0.5851067304611206,
            0.0,
            0.006487703416496515,
            0.008192382752895355,
            0.0,
            0.005139557644724846,
            0.0,
            0.0,
            0.001990433083847165
        ]
    ]
}