{
    "exportFps": 30,
    "trackPath": "G:\\ProjectHi_2nd\\HiGame\\Content\\Data\\ShakespeareData\\LevelSequence\\Audio\\TTS_4000064_LevelSequence_Gen_0_01.wav",
    "CoreNodeName": "/World/audio2face/CoreFullface",
    "numFrames": 203,
    "numEmotions": 10,
    "emotionNames": [
        "amazement",
        "anger",
        "cheekiness",
        "disgust",
        "fear",
        "grief",
        "joy",
        "outofbreath",
        "pain",
        "sadness"
    ],
    "emotionFrames": [
        0.25,
        30.25,
        60.25,
        90.25,
        120.25,
        150.25,
        180.25
    ],
    "emotionKeys": [
        [
            0.0,
            0.590470552444458,
            0.0,
            0.004330368712544441,
            0.004425320774316788,
            0.0,
            0.00717201130464673,
            0.0,
            0.0,
            0.00312052178196609
        ],
        [
            0.0,
            0.19729112088680267,
            0.0,
            0.0017958144890144467,
            0.0023606172762811184,
            0.0,
            0.48531243205070496,
            0.0,
            0.0,
            0.00094811205053702
        ],
        [
            0.0,
            0.5924323797225952,
            0.0,
            0.0040633766911923885,
            0.005465369205921888,
            0.0,
            0.005618338473141193,
            0.0,
            0.0,
            0.003942643292248249
        ],
        [
            0.0,
            0.0051298183389008045,
            0.0,
            0.004638466984033585,
            0.005150799173861742,
            0.0,
            0.5920277237892151,
            0.0,
            0.0,
            0.0040495190769433975
        ],
        [
            0.0,
            0.0260434839874506,
            0.0,
            0.001092691090889275,
            0.018498260527849197,
            0.0,
            0.5449483394622803,
            0.0,
            0.0,
            0.0014703655615448952
        ],
        [
            0.0,
            0.018982617184519768,
            0.0,
            0.002687800908461213,
            0.003346160054206848,
            0.0,
            0.5853889584541321,
            0.0,
            0.0,
            0.002466377103701234
        ],
        [
            0.0,
            0.5919179916381836,
            0.0,
            0.004053466022014618,
            0.004767370410263538,
            0.0,
            0.006320929154753685,
            0.0,
            0.0,
            0.0037603413220494986
        ]
    ]
}