{
    "exportFps": 30,
    "trackPath": "G:\\ProjectHi_2nd\\HiGame\\Content\\Data\\ShakespeareData\\LevelSequence\\Audio\\TTS_4000033_LevelSequence_Gen_0_01.wav",
    "CoreNodeName": "/World/audio2face/CoreFullface",
    "numFrames": 86,
    "numEmotions": 10,
    "emotionNames": [
        "amazement",
        "anger",
        "cheekiness",
        "disgust",
        "fear",
        "grief",
        "joy",
        "outofbreath",
        "pain",
        "sadness"
    ],
    "emotionFrames": [
        0.25,
        30.25,
        60.25
    ],
    "emotionKeys": [
        [
            0.0,
            0.3217651844024658,
            0.0,
            0.005690296646207571,
            0.027580497786402702,
            0.0,
            0.25146961212158203,
            0.0,
            0.0,
            0.0010906673269346356
        ],
        [
            0.0,
            0.08960509300231934,
            0.0,
            0.0015554951969534159,
            0.0024124523624777794,
            0.0,
            0.5348821878433228,
            0.0,
            0.0,
            0.0013601272366940975
        ],
        [
            0.0,
            0.006642669904977083,
            0.0,
            0.004384179599583149,
            0.004693406168371439,
            0.0,
            0.5908827185630798,
            0.0,
            0.0,
            0.0031649265438318253
        ]
    ]
}