{
    "exportFps": 30,
    "trackPath": "G:\\ProjectHi_2nd\\HiGame\\Content\\Data\\ShakespeareData\\LevelSequence\\Audio\\TTS_4000027_LevelSequence_Gen_1_01.wav",
    "CoreNodeName": "/World/audio2face/CoreFullface",
    "numFrames": 121,
    "numEmotions": 10,
    "emotionNames": [
        "amazement",
        "anger",
        "cheekiness",
        "disgust",
        "fear",
        "grief",
        "joy",
        "outofbreath",
        "pain",
        "sadness"
    ],
    "emotionFrames": [
        0.25,
        30.25,
        60.25,
        90.25,
        120.25
    ],
    "emotionKeys": [
        [
            0.0,
            0.002952547976747155,
            0.0,
            0.006545655895024538,
            0.02911069430410862,
            0.0,
            0.004441570956259966,
            0.0,
            0.0,
            0.21322037279605865
        ],
        [
            0.0,
            0.007228418719023466,
            0.0,
            0.3631705343723297,
            0.05794769898056984,
            0.0,
            0.001469549722969532,
            0.0,
            0.0,
            0.02402208186686039
        ],
        [
            0.0,
            0.5832312703132629,
            0.0,
            0.0031238854862749577,
            0.0039807832799851894,
            0.0,
            0.01798371411859989,
            0.0,
            0.0,
            0.001999004976823926
        ],
        [
            0.0,
            0.5814154148101807,
            0.0,
            0.0024296403862535954,
            0.0075766462832689285,
            0.0,
            0.008655315265059471,
            0.0,
            0.0,
            0.002082422375679016
        ],
        [
            0.0,
            0.05027976259589195,
            0.0,
            0.09106973558664322,
            0.07987402379512787,
            0.0,
            0.09209063649177551,
            0.0,
            0.0,
            0.14834533631801605
        ]
    ]
}