{
    "exportFps": 30,
    "trackPath": "G:\\ProjectHi_2nd\\HiGame\\Content\\Data\\ShakespeareData\\LevelSequence\\Audio\\TTS_4000036_LevelSequence_Gen_0_04.wav",
    "CoreNodeName": "/World/audio2face/CoreFullface",
    "numFrames": 92,
    "numEmotions": 10,
    "emotionNames": [
        "amazement",
        "anger",
        "cheekiness",
        "disgust",
        "fear",
        "grief",
        "joy",
        "outofbreath",
        "pain",
        "sadness"
    ],
    "emotionFrames": [
        0.25,
        29.25,
        59.25,
        89.25
    ],
    "emotionKeys": [
        [
            0.0,
            0.060295846313238144,
            0.0,
            0.009910007007420063,
            0.5300678610801697,
            0.0,
            0.004801285453140736,
            0.0,
            0.0,
            0.0031999500934034586
        ],
        [
            0.0,
            0.006780943833291531,
            0.0,
            0.0032979894895106554,
            0.005756521597504616,
            0.0,
            0.5901763439178467,
            0.0,
            0.0,
            0.003432830097153783
        ],
        [
            0.0,
            0.5925886034965515,
            0.0,
            0.003785033943131566,
            0.005585374776273966,
            0.0,
            0.006634292658418417,
            0.0,
            0.0,
            0.0038573662750422955
        ],
        [
            0.0,
            0.0053437440656125546,
            0.0,
            0.08566371351480484,
            0.04819193854928017,
            0.0,
            0.01469252910465002,
            0.0,
            0.0,
            0.35421186685562134
        ]
    ]
}