{
    "exportFps": 30,
    "trackPath": "G:\\ProjectHi_2nd\\HiGame\\Content\\Data\\ShakespeareData\\LevelSequence\\Audio\\TTS_4000013_LevelSequence_Gen_0_00.wav",
    "CoreNodeName": "/World/audio2face/CoreFullface",
    "numFrames": 200,
    "numEmotions": 10,
    "emotionNames": [
        "amazement",
        "anger",
        "cheekiness",
        "disgust",
        "fear",
        "grief",
        "joy",
        "outofbreath",
        "pain",
        "sadness"
    ],
    "emotionFrames": [
        0.0,
        30.0,
        60.0,
        90.0,
        120.0,
        150.0,
        180.0
    ],
    "emotionKeys": [
        [
            0.0,
            0.0358780100941658,
            0.0,
            0.010174908675253391,
            0.14316405355930328,
            0.0,
            0.24909231066703796,
            0.0,
            0.0,
            0.006263814866542816
        ],
        [
            0.0,
            0.32835862040519714,
            0.0,
            0.001393668120726943,
            0.002180929994210601,
            0.0,
            0.3698664903640747,
            0.0,
            0.0,
            0.0011671697720885277
        ],
        [
            0.0,
            0.5816740393638611,
            0.0,
            0.002431230852380395,
            0.010950425639748573,
            0.0,
            0.007860329002141953,
            0.0,
            0.0,
            0.002474870067089796
        ],
        [
            0.0,
            0.0048536090180277824,
            0.0,
            0.003692955244332552,
            0.006730558350682259,
            0.0,
            0.5910173654556274,
            0.0,
            0.0,
            0.0040556518360972404
        ],
        [
            0.0,
            0.0060006482526659966,
            0.0,
            0.004281891044229269,
            0.0047031668946146965,
            0.0,
            0.5914706587791443,
            0.0,
            0.0,
            0.003622932592406869
        ],
        [
            0.0,
            0.04619725048542023,
            0.0,
            0.001345318858511746,
            0.010130847804248333,
            0.0,
            0.5447465777397156,
            0.0,
            0.0,
            0.0011534221703186631
        ],
        [
            0.0,
            0.5545332431793213,
            0.0,
            0.0027050203643739223,
            0.01359947957098484,
            0.0,
            0.030450323596596718,
            0.0,
            0.0,
            0.0011042787227779627
        ]
    ]
}