{
    "exportFps": 30,
    "trackPath": "G:\\ProjectHi_2nd\\HiGame\\Content\\Data\\ShakespeareData\\LevelSequence\\Audio\\TTS_4000066_LevelSequence_Gen_0_01.wav",
    "CoreNodeName": "/World/audio2face/CoreFullface",
    "numFrames": 176,
    "numEmotions": 10,
    "emotionNames": [
        "amazement",
        "anger",
        "cheekiness",
        "disgust",
        "fear",
        "grief",
        "joy",
        "outofbreath",
        "pain",
        "sadness"
    ],
    "emotionFrames": [
        0.25,
        30.25,
        60.25,
        90.25,
        120.25,
        150.25
    ],
    "emotionKeys": [
        [
            0.0,
            0.0029230485670268536,
            0.0,
            0.0030839848332107067,
            0.013001919724047184,
            0.0,
            0.5853961110115051,
            0.0,
            0.0,
            0.0046197837218642235
        ],
        [
            0.0,
            0.00465350691229105,
            0.0,
            0.0033459491096436977,
            0.007087101228535175,
            0.0,
            0.59024578332901,
            0.0,
            0.0,
            0.004576172214001417
        ],
        [
            0.0,
            0.5023519396781921,
            0.0,
            0.0013892402639612556,
            0.003408417571336031,
            0.0,
            0.12647825479507446,
            0.0,
            0.0,
            0.001097488566301763
        ],
        [
            0.0,
            0.5818167328834534,
            0.0,
            0.003287499537691474,
            0.0056784083135426044,
            0.0,
            0.014238213188946247,
            0.0,
            0.0,
            0.0019944431260228157
        ],
        [
            0.0,
            0.5862443447113037,
            0.0,
            0.0030748078133910894,
            0.006181085482239723,
            0.0,
            0.012200108729302883,
            0.0,
            0.0,
            0.002179731149226427
        ],
        [
            0.0,
            0.560883104801178,
            0.0,
            0.0023697842843830585,
            0.012473393231630325,
            0.0,
            0.026247316971421242,
            0.0,
            0.0,
            0.0016617841320112348
        ]
    ]
}