{
    "exportFps": 30,
    "trackPath": "G:\\ProjectHi_2nd\\HiGame\\Content\\Data\\ShakespeareData\\LevelSequence\\Audio\\TTS_4000016_LevelSequence_Gen_0_00.wav",
    "CoreNodeName": "/World/audio2face/CoreFullface",
    "numFrames": 215,
    "numEmotions": 10,
    "emotionNames": [
        "amazement",
        "anger",
        "cheekiness",
        "disgust",
        "fear",
        "grief",
        "joy",
        "outofbreath",
        "pain",
        "sadness"
    ],
    "emotionFrames": [
        0.0,
        30.0,
        60.0,
        90.0,
        120.0,
        150.0,
        180.0,
        210.0
    ],
    "emotionKeys": [
        [
            0.0,
            0.012346803210675716,
            0.0,
            0.0031984918750822544,
            0.009470035322010517,
            0.0,
            0.5808972716331482,
            0.0,
            0.0,
            0.0017939532408490777
        ],
        [
            0.0,
            0.5789225101470947,
            0.0,
            0.0023025295231491327,
            0.010239041410386562,
            0.0,
            0.010871052742004395,
            0.0,
            0.0,
            0.0019060353515669703
        ],
        [
            0.0,
            0.0573512464761734,
            0.0,
            0.0052271937020123005,
            0.045238908380270004,
            0.0,
            0.4503350555896759,
            0.0,
            0.0,
            0.0036068728659301996
        ],
        [
            0.0,
            0.5212946534156799,
            0.0,
            0.0014572835061699152,
            0.006767737213522196,
            0.0,
            0.061252519488334656,
            0.0,
            0.0,
            0.0011283992789685726
        ],
        [
            0.0,
            0.4744931161403656,
            0.0,
            0.043748386204242706,
            0.016182441264390945,
            0.0,
            0.0091541837900877,
            0.0,
            0.0,
            0.0009050386142916977
        ],
        [
            0.0,
            0.5901060700416565,
            0.0,
            0.003418553387746215,
            0.0034396250266581774,
            0.0,
            0.01125181932002306,
            0.0,
            0.0,
            0.003108507487922907
        ],
        [
            0.0,
            0.23497982323169708,
            0.0,
            0.05983644351363182,
            0.06899187713861465,
            0.0,
            0.0269690603017807,
            0.0,
            0.0,
            0.006673434749245644
        ],
        [
            0.0,
            0.0012585887452587485,
            0.0,
            0.011486170813441277,
            0.012480074539780617,
            0.0,
            0.0026933648623526096,
            0.0,
            0.0,
            0.5305501222610474
        ]
    ]
}