{
    "exportFps": 30,
    "trackPath": "G:\\ProjectHi_2nd\\HiGame\\Content\\Data\\ShakespeareData\\LevelSequence\\Audio\\TTS_4000045_LevelSequence_Gen_0_10.wav",
    "CoreNodeName": "/World/audio2face/CoreFullface",
    "numFrames": 277,
    "numEmotions": 10,
    "emotionNames": [
        "amazement",
        "anger",
        "cheekiness",
        "disgust",
        "fear",
        "grief",
        "joy",
        "outofbreath",
        "pain",
        "sadness"
    ],
    "emotionFrames": [
        0.25,
        30.25,
        60.25,
        90.25,
        120.25,
        149.25,
        180.25,
        210.25,
        240.25,
        270.25
    ],
    "emotionKeys": [
        [
            0.0,
            0.4254874885082245,
            0.0,
            0.006577669642865658,
            0.04336007684469223,
            0.0,
            0.09646176546812057,
            0.0,
            0.0,
            0.003336419817060232
        ],
        [
            0.0,
            0.5821828842163086,
            0.0,
            0.0021665433887392282,
            0.003749196184799075,
            0.0,
            0.020145120099186897,
            0.0,
            0.0,
            0.00211253366433084
        ],
        [
            0.0,
            0.5897266864776611,
            0.0,
            0.0030797594226896763,
            0.0049522751942276955,
            0.0,
            0.008535871282219887,
            0.0,
            0.0,
            0.0030210218392312527
        ],
        [
            0.0,
            0.5911921262741089,
            0.0,
            0.004024416208267212,
            0.005537712015211582,
            0.0,
            0.0064652529545128345,
            0.0,
            0.0,
            0.003425926435738802
        ],
        [
            0.0,
            0.5923652648925781,
            0.0,
            0.003995603881776333,
            0.005116520449519157,
            0.0,
            0.005788247101008892,
            0.0,
            0.0,
            0.004044244531542063
        ],
        [
            0.0,
            0.5914217233657837,
            0.0,
            0.003592067863792181,
            0.005524025298655033,
            0.0,
            0.0062279351986944675,
            0.0,
            0.0,
            0.0036029755137860775
        ],
        [
            0.0,
            0.44245442748069763,
            0.0,
            0.003864051541313529,
            0.08385616540908813,
            0.0,
            0.01919858157634735,
            0.0,
            0.0,
            0.0016005829675123096
        ],
        [
            0.0,
            0.5930769443511963,
            0.0,
            0.0045043230056762695,
            0.005293731577694416,
            0.0,
            0.005501752719283104,
            0.0,
            0.0,
            0.004274467471987009
        ],
        [
            0.0,
            0.4889329671859741,
            0.0,
            0.001636758097447455,
            0.0016512543661519885,
            0.0,
            0.18138204514980316,
            0.0,
            0.0,
            0.001003227778710425
        ],
        [
            0.0,
            0.029369011521339417,
            0.0,
            0.15571774542331696,
            0.07063818722963333,
            0.0,
            0.02974904701113701,
            0.0,
            0.0,
            0.1551947444677353
        ]
    ]
}