{
    "exportFps": 30,
    "trackPath": "G:\\ProjectHi_2nd\\HiGame\\Content\\Data\\ShakespeareData\\LevelSequence\\Audio\\TTS_4000034_LevelSequence_Gen_0_04.wav",
    "CoreNodeName": "/World/audio2face/CoreFullface",
    "numFrames": 136,
    "numEmotions": 10,
    "emotionNames": [
        "amazement",
        "anger",
        "cheekiness",
        "disgust",
        "fear",
        "grief",
        "joy",
        "outofbreath",
        "pain",
        "sadness"
    ],
    "emotionFrames": [
        0.25,
        30.25,
        60.25,
        90.25,
        120.25
    ],
    "emotionKeys": [
        [
            0.0,
            0.023002665489912033,
            0.0,
            0.00224354793317616,
            0.003593750298023224,
            0.0,
            0.5796032547950745,
            0.0,
            0.0,
            0.0016707644099369645
        ],
        [
            0.0,
            0.042730484157800674,
            0.0,
            0.0022217852529138327,
            0.3510715663433075,
            0.0,
            0.1331559121608734,
            0.0,
            0.0,
            0.0009576189913786948
        ],
        [
            0.0,
            0.5923633575439453,
            0.0,
            0.003958913963288069,
            0.005032758228480816,
            0.0,
            0.006767178885638714,
            0.0,
            0.0,
            0.0038457605987787247
        ],
        [
            0.0,
            0.006269119679927826,
            0.0,
            0.003918124362826347,
            0.0048784236423671246,
            0.0,
            0.5916743874549866,
            0.0,
            0.0,
            0.0036766300909221172
        ],
        [
            0.0,
            0.0769764631986618,
            0.0,
            0.003418292850255966,
            0.0038250864017754793,
            0.0,
            0.5426259636878967,
            0.0,
            0.0,
            0.0011786174727603793
        ]
    ]
}