{
    "exportFps": 30,
    "trackPath": "G:\\ProjectHi_2nd\\HiGame\\Content\\Data\\ShakespeareData\\LevelSequence\\Audio\\TTS_4000035_LevelSequence_Gen_0_02.wav",
    "CoreNodeName": "/World/audio2face/CoreFullface",
    "numFrames": 96,
    "numEmotions": 10,
    "emotionNames": [
        "amazement",
        "anger",
        "cheekiness",
        "disgust",
        "fear",
        "grief",
        "joy",
        "outofbreath",
        "pain",
        "sadness"
    ],
    "emotionFrames": [
        0.25,
        30.25,
        60.25,
        90.25
    ],
    "emotionKeys": [
        [
            0.0,
            0.5898734927177429,
            0.0,
            0.0039748502895236015,
            0.004509122110903263,
            0.0,
            0.007157465443015099,
            0.0,
            0.0,
            0.002767549129202962
        ],
        [
            0.0,
            0.5647959113121033,
            0.0,
            0.0027125836350023746,
            0.007143350318074226,
            0.0,
            0.031782519072294235,
            0.0,
            0.0,
            0.0015294129261747003
        ],
        [
            0.0,
            0.011977930553257465,
            0.0,
            0.0027814297936856747,
            0.0039220890030264854,
            0.0,
            0.5872822999954224,
            0.0,
            0.0,
            0.002785941818729043
        ],
        [
            0.0,
            0.0020804668311029673,
            0.0,
            0.02413535676896572,
            0.038802389055490494,
            0.0,
            0.0032552185002714396,
            0.0,
            0.0,
            0.5177263617515564
        ]
    ]
}