{
    "exportFps": 30,
    "trackPath": "G:\\ProjectHi_2nd\\HiGame\\Content\\Data\\ShakespeareData\\LevelSequence\\Audio\\TTS_4000069_LevelSequence_Gen_0_04.wav",
    "CoreNodeName": "/World/audio2face/CoreFullface",
    "numFrames": 68,
    "numEmotions": 10,
    "emotionNames": [
        "amazement",
        "anger",
        "cheekiness",
        "disgust",
        "fear",
        "grief",
        "joy",
        "outofbreath",
        "pain",
        "sadness"
    ],
    "emotionFrames": [
        0.25,
        30.25,
        60.25
    ],
    "emotionKeys": [
        [
            0.0,
            0.5911572575569153,
            0.0,
            0.0053364248014986515,
            0.005116957239806652,
            0.0,
            0.0055897724814713,
            0.0,
            0.0,
            0.0032164747826755047
        ],
        [
            0.0,
            0.5877065062522888,
            0.0,
            0.002383358543738723,
            0.008203510195016861,
            0.0,
            0.00935217272490263,
            0.0,
            0.0,
            0.0023608116898685694
        ],
        [
            0.0,
            0.009999333880841732,
            0.0,
            0.003294591326266527,
            0.5831427574157715,
            0.0,
            0.009294253773987293,
            0.0,
            0.0,
            0.003056674962863326
        ]
    ]
}