{
    "exportFps": 30,
    "trackPath": "G:\\ProjectHi_2nd\\HiGame\\Content\\Data\\ShakespeareData\\LevelSequence\\Audio\\TTS_4000038_LevelSequence_Gen_0_00.wav",
    "CoreNodeName": "/World/audio2face/CoreFullface",
    "numFrames": 182,
    "numEmotions": 10,
    "emotionNames": [
        "amazement",
        "anger",
        "cheekiness",
        "disgust",
        "fear",
        "grief",
        "joy",
        "outofbreath",
        "pain",
        "sadness"
    ],
    "emotionFrames": [
        0.25,
        30.25,
        60.25,
        90.25,
        120.25,
        150.25,
        180.25
    ],
    "emotionKeys": [
        [
            0.0,
            0.04167012870311737,
            0.0,
            0.0155698973685503,
            0.3073262572288513,
            0.0,
            0.13660642504692078,
            0.0,
            0.0,
            0.009392636828124523
        ],
        [
            0.0,
            0.3712867200374603,
            0.0,
            0.002904095221310854,
            0.006151617504656315,
            0.0,
            0.2446436882019043,
            0.0,
            0.0,
            0.0010884891962632537
        ],
        [
            0.0,
            0.591417670249939,
            0.0,
            0.0035419389605522156,
            0.004756753332912922,
            0.0,
            0.008513398468494415,
            0.0,
            0.0,
            0.0035102192778140306
        ],
        [
            0.0,
            0.004887904040515423,
            0.0,
            0.004897743463516235,
            0.004866509232670069,
            0.0,
            0.592324435710907,
            0.0,
            0.0,
            0.0041806660592556
        ],
        [
            0.0,
            0.5751659274101257,
            0.0,
            0.0028362059965729713,
            0.002169362735003233,
            0.0,
            0.03443385288119316,
            0.0,
            0.0,
            0.001767716254107654
        ],
        [
            0.0,
            0.09797114133834839,
            0.0,
            0.0019878861494362354,
            0.0019490848062559962,
            0.0,
            0.532881498336792,
            0.0,
            0.0,
            0.00126650370657444
        ],
        [
            0.0,
            0.010288146324455738,
            0.0,
            0.09435009211301804,
            0.07444638758897781,
            0.0,
            0.031935665756464005,
            0.0,
            0.0,
            0.2638186514377594
        ]
    ]
}