{
    "exportFps": 30,
    "trackPath": "G:\\ProjectHi_2nd\\HiGame\\Content\\Data\\ShakespeareData\\LevelSequence\\Audio\\TTS_4000047_LevelSequence_Gen_2_03.wav",
    "CoreNodeName": "/World/audio2face/CoreFullface",
    "numFrames": 95,
    "numEmotions": 10,
    "emotionNames": [
        "amazement",
        "anger",
        "cheekiness",
        "disgust",
        "fear",
        "grief",
        "joy",
        "outofbreath",
        "pain",
        "sadness"
    ],
    "emotionFrames": [
        0.25,
        29.25,
        59.25,
        89.25
    ],
    "emotionKeys": [
        [
            0.0,
            0.5160266160964966,
            0.0,
            0.004890717566013336,
            0.10447081178426743,
            0.0,
            0.005039923824369907,
            0.0,
            0.0,
            0.0010939197381958365
        ],
        [
            0.0,
            0.013878412544727325,
            0.0,
            0.0016209447057917714,
            0.5609124302864075,
            0.0,
            0.008839627727866173,
            0.0,
            0.0,
            0.002522663678973913
        ],
        [
            0.0,
            0.5877940058708191,
            0.0,
            0.0036123578902333975,
            0.009155030362308025,
            0.0,
            0.006404929794371128,
            0.0,
            0.0,
            0.00241984985768795
        ],
        [
            0.0,
            0.038623448461294174,
            0.0,
            0.09832488000392914,
            0.08112555742263794,
            0.0,
            0.07003497332334518,
            0.0,
            0.0,
            0.15924054384231567
        ]
    ]
}