{
    "exportFps": 30,
    "trackPath": "G:\\ProjectHi_2nd\\HiGame\\Content\\Data\\ShakespeareData\\LevelSequence\\Audio\\TTS_4000047_LevelSequence_Gen_1_00.wav",
    "CoreNodeName": "/World/audio2face/CoreFullface",
    "numFrames": 283,
    "numEmotions": 10,
    "emotionNames": [
        "amazement",
        "anger",
        "cheekiness",
        "disgust",
        "fear",
        "grief",
        "joy",
        "outofbreath",
        "pain",
        "sadness"
    ],
    "emotionFrames": [
        0.0,
        30.0,
        60.0,
        90.0,
        120.0,
        150.0,
        180.0,
        210.0,
        240.0,
        270.0
    ],
    "emotionKeys": [
        [
            0.0,
            0.050179753452539444,
            0.0,
            0.013978601433336735,
            0.3561723828315735,
            0.0,
            0.1272696554660797,
            0.0,
            0.0,
            0.008814288303256035
        ],
        [
            0.0,
            0.00598752498626709,
            0.0,
            0.0023693228140473366,
            0.01074905227869749,
            0.0,
            0.5796017050743103,
            0.0,
            0.0,
            0.005590429529547691
        ],
        [
            0.0,
            0.588927686214447,
            0.0,
            0.0034522113855928183,
            0.004397818353027105,
            0.0,
            0.008031439036130905,
            0.0,
            0.0,
            0.0030769906006753445
        ],
        [
            0.0,
            0.5924638509750366,
            0.0,
            0.004539506044238806,
            0.005061260890215635,
            0.0,
            0.005294369533658028,
            0.0,
            0.0,
            0.003972278907895088
        ],
        [
            0.0,
            0.5834366083145142,
            0.0,
            0.0042907060123980045,
            0.007784924004226923,
            0.0,
            0.007560945115983486,
            0.0,
            0.0,
            0.0020294738933444023
        ],
        [
            0.0,
            0.5929114818572998,
            0.0,
            0.003759708721190691,
            0.004962473176419735,
            0.0,
            0.006549473386257887,
            0.0,
            0.0,
            0.0041556884534657
        ],
        [
            0.0,
            0.04554710164666176,
            0.0,
            0.002375242533162236,
            0.0022134005557745695,
            0.0,
            0.5691003799438477,
            0.0,
            0.0,
            0.0015852911164984107
        ],
        [
            0.0,
            0.5325079560279846,
            0.0,
            0.0016029039397835732,
            0.004272740334272385,
            0.0,
            0.08535447716712952,
            0.0,
            0.0,
            0.001306889927946031
        ],
        [
            0.0,
            0.5917361974716187,
            0.0,
            0.004823281429708004,
            0.004542358219623566,
            0.0,
            0.006492254789918661,
            0.0,
            0.0,
            0.0035441492218524218
        ],
        [
            0.0,
            0.0677700787782669,
            0.0,
            0.10089532285928726,
            0.04814532771706581,
            0.0,
            0.026901373639702797,
            0.0,
            0.0,
            0.16359883546829224
        ]
    ]
}