{
    "exportFps": 30,
    "trackPath": "G:\\ProjectHi_2nd\\HiGame\\Content\\Data\\ShakespeareData\\LevelSequence\\Audio\\TTS_4000035_LevelSequence_Gen_0_10.wav",
    "CoreNodeName": "/World/audio2face/CoreFullface",
    "numFrames": 159,
    "numEmotions": 10,
    "emotionNames": [
        "amazement",
        "anger",
        "cheekiness",
        "disgust",
        "fear",
        "grief",
        "joy",
        "outofbreath",
        "pain",
        "sadness"
    ],
    "emotionFrames": [
        0.25,
        29.25,
        59.25,
        90.25,
        119.25,
        150.25
    ],
    "emotionKeys": [
        [
            0.0,
            0.5808340907096863,
            0.0,
            0.015936627984046936,
            0.0045363022945821285,
            0.0,
            0.004488880280405283,
            0.0,
            0.0,
            0.0018311516614630818
        ],
        [
            0.0,
            0.5783365964889526,
            0.0,
            0.002297003287822008,
            0.014435980468988419,
            0.0,
            0.007871270179748535,
            0.0,
            0.0,
            0.0018715362530201674
        ],
        [
            0.0,
            0.457510381937027,
            0.0,
            0.0026627597399055958,
            0.016941627487540245,
            0.0,
            0.11906073242425919,
            0.0,
            0.0,
            0.0008839683723635972
        ],
        [
            0.0,
            0.592507004737854,
            0.0,
            0.0040463535115122795,
            0.005375632084906101,
            0.0,
            0.0061292327009141445,
            0.0,
            0.0,
            0.003953381907194853
        ],
        [
            0.0,
            0.0077160801738500595,
            0.0,
            0.004149533808231354,
            0.5858817100524902,
            0.0,
            0.006813623011112213,
            0.0,
            0.0,
            0.004243232309818268
        ],
        [
            0.0,
            0.03543286398053169,
            0.0,
            0.020088013261556625,
            0.503039538860321,
            0.0,
            0.008252100087702274,
            0.0,
            0.0,
            0.00974813662469387
        ]
    ]
}