{
    "exportFps": 30,
    "trackPath": "G:\\ProjectHi_2nd\\HiGame\\Content\\Data\\ShakespeareData\\LevelSequence\\Audio\\TTS_4000045_LevelSequence_Gen_0_05.wav",
    "CoreNodeName": "/World/audio2face/CoreFullface",
    "numFrames": 384,
    "numEmotions": 10,
    "emotionNames": [
        "amazement",
        "anger",
        "cheekiness",
        "disgust",
        "fear",
        "grief",
        "joy",
        "outofbreath",
        "pain",
        "sadness"
    ],
    "emotionFrames": [
        0.25,
        30.25,
        60.25,
        90.25,
        120.25,
        150.25,
        180.25,
        210.25,
        240.25,
        270.25,
        300.25,
        330.25,
        360.25
    ],
    "emotionKeys": [
        [
            0.0,
            0.5901951789855957,
            0.0,
            0.005298532545566559,
            0.005506514571607113,
            0.0,
            0.0056785098277032375,
            0.0,
            0.0,
            0.0029041615780442953
        ],
        [
            0.0,
            0.5814683437347412,
            0.0,
            0.0021472752559930086,
            0.003362212562933564,
            0.0,
            0.02307276986539364,
            0.0,
            0.0,
            0.002052285009995103
        ],
        [
            0.0,
            0.5626745223999023,
            0.0,
            0.0021333738695830107,
            0.0029568132013082504,
            0.0,
            0.05165247991681099,
            0.0,
            0.0,
            0.0015370934270322323
        ],
        [
            0.0,
            0.036589525640010834,
            0.0,
            0.0023286279756575823,
            0.004598506726324558,
            0.0,
            0.563399612903595,
            0.0,
            0.0,
            0.0016001187032088637
        ],
        [
            0.0,
            0.018239082768559456,
            0.0,
            0.0017800146015360951,
            0.011409634724259377,
            0.0,
            0.5725769996643066,
            0.0,
            0.0,
            0.0015099897282198071
        ],
        [
            0.0,
            0.5439282059669495,
            0.0,
            0.004602411761879921,
            0.03179358318448067,
            0.0,
            0.011663244105875492,
            0.0,
            0.0,
            0.0018021969590336084
        ],
        [
            0.0,
            0.5603853464126587,
            0.0,
            0.003486178582534194,
            0.00955350510776043,
            0.0,
            0.007928509265184402,
            0.0,
            0.0,
            0.0022297361865639687
        ],
        [
            0.0,
            0.5878170132637024,
            0.0,
            0.0033351511228829622,
            0.005456564947962761,
            0.0,
            0.009975848719477654,
            0.0,
            0.0,
            0.0025009005330502987
        ],
        [
            0.0,
            0.28909263014793396,
            0.0,
            0.0016519587952643633,
            0.006166516803205013,
            0.0,
            0.351882666349411,
            0.0,
            0.0,
            0.0012185268569737673
        ],
        [
            0.0,
            0.5724595785140991,
            0.0,
            0.003824405139312148,
            0.018739191815257072,
            0.0,
            0.0085892453789711,
            0.0,
            0.0,
            0.0014832402812317014
        ],
        [
            0.0,
            0.5897082090377808,
            0.0,
            0.004248249810189009,
            0.005489214789122343,
            0.0,
            0.00704065291211009,
            0.0,
            0.0,
            0.002907036105170846
        ],
        [
            0.0,
            0.381179541349411,
            0.0,
            0.003536743111908436,
            0.011060301214456558,
            0.0,
            0.21035806834697723,
            0.0,
            0.0,
            0.0015962704783305526
        ],
        [
            0.0,
            0.1420622617006302,
            0.0,
            0.007440881337970495,
            0.0911908894777298,
            0.0,
            0.22736750543117523,
            0.0,
            0.0,
            0.006118446588516235
        ]
    ]
}