{
    "exportFps": 30,
    "trackPath": "G:\\ProjectHi_2nd\\HiGame\\Content\\Data\\ShakespeareData\\LevelSequence\\Audio\\TTS_4000027_LevelSequence_Gen_0_03.wav",
    "CoreNodeName": "/World/audio2face/CoreFullface",
    "numFrames": 219,
    "numEmotions": 10,
    "emotionNames": [
        "amazement",
        "anger",
        "cheekiness",
        "disgust",
        "fear",
        "grief",
        "joy",
        "outofbreath",
        "pain",
        "sadness"
    ],
    "emotionFrames": [
        0.25,
        30.25,
        60.25,
        90.25,
        120.25,
        150.25,
        180.25,
        210.25
    ],
    "emotionKeys": [
        [
            0.0,
            0.5904807448387146,
            0.0,
            0.004758522380143404,
            0.006879516411572695,
            0.0,
            0.005137266591191292,
            0.0,
            0.0,
            0.0032036995980888605
        ],
        [
            0.0,
            0.5676636099815369,
            0.0,
            0.0018174672732129693,
            0.0025236988440155983,
            0.0,
            0.04762610048055649,
            0.0,
            0.0,
            0.0015524826012551785
        ],
        [
            0.0,
            0.37355631589889526,
            0.0,
            0.00179145613219589,
            0.003809369867667556,
            0.0,
            0.2755065858364105,
            0.0,
            0.0,
            0.0011228390503674746
        ],
        [
            0.0,
            0.5306122303009033,
            0.0,
            0.0014869332080706954,
            0.0016825360944494605,
            0.0,
            0.1215047687292099,
            0.0,
            0.0,
            0.0013591188471764326
        ],
        [
            0.0,
            0.41293513774871826,
            0.0,
            0.0016386270290240645,
            0.0018126188078895211,
            0.0,
            0.2593950629234314,
            0.0,
            0.0,
            0.0010208177845925093
        ],
        [
            0.0,
            0.00497986888512969,
            0.0,
            0.004578782245516777,
            0.005006623454391956,
            0.0,
            0.5924820899963379,
            0.0,
            0.0,
            0.00448352936655283
        ],
        [
            0.0,
            0.5916480422019958,
            0.0,
            0.0036485271994024515,
            0.0049556540325284,
            0.0,
            0.007797641679644585,
            0.0,
            0.0,
            0.003465968882665038
        ],
        [
            0.0,
            0.0012752582551911473,
            0.0,
            0.004632639233022928,
            0.3399621844291687,
            0.0,
            0.0012444345047697425,
            0.0,
            0.0,
            0.2714536786079407
        ]
    ]
}