{
    "exportFps": 30,
    "trackPath": "G:\\ProjectHi_2nd\\HiGame\\Content\\Data\\ShakespeareData\\LevelSequence\\Audio\\TTS_4000069_LevelSequence_Gen_0_01.wav",
    "CoreNodeName": "/World/audio2face/CoreFullface",
    "numFrames": 49,
    "numEmotions": 10,
    "emotionNames": [
        "amazement",
        "anger",
        "cheekiness",
        "disgust",
        "fear",
        "grief",
        "joy",
        "outofbreath",
        "pain",
        "sadness"
    ],
    "emotionFrames": [
        0.25,
        30.25
    ],
    "emotionKeys": [
        [
            0.0,
            0.5900883078575134,
            0.0,
            0.004163388162851334,
            0.006467860192060471,
            0.0,
            0.005374875385314226,
            0.0,
            0.0,
            0.0031759270932525396
        ],
        [
            0.0,
            0.007914863526821136,
            0.0,
            0.003823888720944524,
            0.5874491930007935,
            0.0,
            0.005767405964434147,
            0.0,
            0.0,
            0.0045885141007602215
        ]
    ]
}