{
    "exportFps": 30,
    "trackPath": "G:\\ProjectHi_2nd\\HiGame\\Content\\Data\\ShakespeareData\\LevelSequence\\Audio\\TTS_4000005_LevelSequence_Gen_0_02.wav",
    "CoreNodeName": "/World/audio2face/CoreFullface",
    "numFrames": 160,
    "numEmotions": 10,
    "emotionNames": [
        "amazement",
        "anger",
        "cheekiness",
        "disgust",
        "fear",
        "grief",
        "joy",
        "outofbreath",
        "pain",
        "sadness"
    ],
    "emotionFrames": [
        0.25,
        30.25,
        60.25,
        90.25,
        120.25,
        150.25
    ],
    "emotionKeys": [
        [
            0.0,
            0.005897423718124628,
            0.0,
            0.0016968547133728862,
            0.005788872949779034,
            0.0,
            0.572188675403595,
            0.0,
            0.0,
            0.0028047480154782534
        ],
        [
            0.0,
            0.03634015843272209,
            0.0,
            0.0016592107713222504,
            0.003971322905272245,
            0.0,
            0.5717310905456543,
            0.0,
            0.0,
            0.0019632764160633087
        ],
        [
            0.0,
            0.5878708362579346,
            0.0,
            0.0034634701441973448,
            0.006366165820509195,
            0.0,
            0.00842673983424902,
            0.0,
            0.0,
            0.0024282182566821575
        ],
        [
            0.0,
            0.5709185004234314,
            0.0,
            0.0016771546797826886,
            0.00740246893838048,
            0.0,
            0.01184111274778843,
            0.0,
            0.0,
            0.0017777717439457774
        ],
        [
            0.0,
            0.12429089844226837,
            0.0,
            0.0018014227971434593,
            0.002417975105345249,
            0.0,
            0.5255714654922485,
            0.0,
            0.0,
            0.0011807963019236922
        ],
        [
            0.0,
            0.004279805812984705,
            0.0,
            0.0028832098469138145,
            0.5754019618034363,
            0.0,
            0.0048214043490588665,
            0.0,
            0.0,
            0.009537782520055771
        ]
    ]
}