{
    "exportFps": 30,
    "trackPath": "G:\\ProjectHi_2nd\\HiGame\\Content\\Data\\ShakespeareData\\LevelSequence\\Audio\\TTS_4000064_LevelSequence_Gen_0_06.wav",
    "CoreNodeName": "/World/audio2face/CoreFullface",
    "numFrames": 249,
    "numEmotions": 10,
    "emotionNames": [
        "amazement",
        "anger",
        "cheekiness",
        "disgust",
        "fear",
        "grief",
        "joy",
        "outofbreath",
        "pain",
        "sadness"
    ],
    "emotionFrames": [
        0.25,
        30.25,
        60.25,
        90.25,
        120.25,
        150.25,
        180.25,
        210.25,
        240.25
    ],
    "emotionKeys": [
        [
            0.0,
            0.520854115486145,
            0.0,
            0.0017674245173111558,
            0.003887233790010214,
            0.0,
            0.11653640121221542,
            0.0,
            0.0,
            0.0010172136826440692
        ],
        [
            0.0,
            0.008141383528709412,
            0.0,
            0.003548729931935668,
            0.004726739134639502,
            0.0,
            0.5886983275413513,
            0.0,
            0.0,
            0.003175669116899371
        ],
        [
            0.0,
            0.5915448069572449,
            0.0,
            0.0034224670380353928,
            0.005209594499319792,
            0.0,
            0.007155925035476685,
            0.0,
            0.0,
            0.003555373987182975
        ],
        [
            0.0,
            0.5930987000465393,
            0.0,
            0.0041983118280768394,
            0.005386998876929283,
            0.0,
            0.005808574613183737,
            0.0,
            0.0,
            0.004322098568081856
        ],
        [
            0.0,
            0.5905212163925171,
            0.0,
            0.0041107595898211,
            0.007106341887265444,
            0.0,
            0.004717711824923754,
            0.0,
            0.0,
            0.003560516284778714
        ],
        [
            0.0,
            0.5925816297531128,
            0.0,
            0.004362748470157385,
            0.005377278197556734,
            0.0,
            0.0052930135279893875,
            0.0,
            0.0,
            0.0041898321360349655
        ],
        [
            0.0,
            0.5253958702087402,
            0.0,
            0.002074346411973238,
            0.0028575214091688395,
            0.0,
            0.11443475633859634,
            0.0,
            0.0,
            0.0011229965602979064
        ],
        [
            0.0,
            0.005777768325060606,
            0.0,
            0.004661837592720985,
            0.004790689330548048,
            0.0,
            0.5917003750801086,
            0.0,
            0.0,
            0.003946785815060139
        ],
        [
            0.0,
            0.002774359192699194,
            0.0,
            0.006609438918530941,
            0.006536952685564756,
            0.0,
            0.004043980035930872,
            0.0,
            0.0,
            0.5855854749679565
        ]
    ]
}