{
    "exportFps": 30,
    "trackPath": "G:\\ProjectHi_2nd\\HiGame\\Content\\Data\\ShakespeareData\\LevelSequence\\Audio\\TTS_4000057_LevelSequence_Gen_0_04.wav",
    "CoreNodeName": "/World/audio2face/CoreFullface",
    "numFrames": 38,
    "numEmotions": 10,
    "emotionNames": [
        "amazement",
        "anger",
        "cheekiness",
        "disgust",
        "fear",
        "grief",
        "joy",
        "outofbreath",
        "pain",
        "sadness"
    ],
    "emotionFrames": [
        0.25,
        30.25
    ],
    "emotionKeys": [
        [
            0.0,
            0.008107622154057026,
            0.0,
            0.004511544946581125,
            0.5871069431304932,
            0.0,
            0.005585276987403631,
            0.0,
            0.0,
            0.004701549187302589
        ],
        [
            0.0,
            0.044652216136455536,
            0.0,
            0.118842713534832,
            0.10714737325906754,
            0.0,
            0.06990401446819305,
            0.0,
            0.0,
            0.15689337253570557
        ]
    ]
}