{
    "exportFps": 30,
    "trackPath": "G:\\ProjectHi_2nd\\HiGame\\Content\\Data\\ShakespeareData\\LevelSequence\\Audio\\TTS_4000035_LevelSequence_Gen_0_08.wav",
    "CoreNodeName": "/World/audio2face/CoreFullface",
    "numFrames": 159,
    "numEmotions": 10,
    "emotionNames": [
        "amazement",
        "anger",
        "cheekiness",
        "disgust",
        "fear",
        "grief",
        "joy",
        "outofbreath",
        "pain",
        "sadness"
    ],
    "emotionFrames": [
        0.25,
        30.25,
        60.25,
        90.25,
        120.25,
        150.25
    ],
    "emotionKeys": [
        [
            0.0,
            0.038334764540195465,
            0.0,
            0.003394206753000617,
            0.5603122115135193,
            0.0,
            0.005472115706652403,
            0.0,
            0.0,
            0.002720298245549202
        ],
        [
            0.0,
            0.5919246673583984,
            0.0,
            0.00395909184589982,
            0.00480634393170476,
            0.0,
            0.007218274753540754,
            0.0,
            0.0,
            0.0036525323521345854
        ],
        [
            0.0,
            0.5795526504516602,
            0.0,
            0.0030102983582764864,
            0.006762538105249405,
            0.0,
            0.014931602403521538,
            0.0,
            0.0,
            0.0017153186490759254
        ],
        [
            0.0,
            0.006003178656101227,
            0.0,
            0.004702073987573385,
            0.004586988128721714,
            0.0,
            0.5918827652931213,
            0.0,
            0.0,
            0.0037747586611658335
        ],
        [
            0.0,
            0.006019652355462313,
            0.0,
            0.004278055392205715,
            0.005055800545960665,
            0.0,
            0.5917253494262695,
            0.0,
            0.0,
            0.0038655726239085197
        ],
        [
            0.0,
            0.0013137201312929392,
            0.0,
            0.009426454082131386,
            0.013337483629584312,
            0.0,
            0.0017055235803127289,
            0.0,
            0.0,
            0.5336930155754089
        ]
    ]
}