{
    "exportFps": 30,
    "trackPath": "G:\\ProjectHi_2nd\\HiGame\\Content\\Data\\ShakespeareData\\LevelSequence\\Audio\\TTS_4000014_LevelSequence_Gen_0_01.wav",
    "CoreNodeName": "/World/audio2face/CoreFullface",
    "numFrames": 128,
    "numEmotions": 10,
    "emotionNames": [
        "amazement",
        "anger",
        "cheekiness",
        "disgust",
        "fear",
        "grief",
        "joy",
        "outofbreath",
        "pain",
        "sadness"
    ],
    "emotionFrames": [
        0.25,
        30.25,
        60.25,
        90.25,
        120.25
    ],
    "emotionKeys": [
        [
            0.0,
            0.006829740945249796,
            0.0,
            0.0036373755428940058,
            0.005789944436401129,
            0.0,
            0.5883706212043762,
            0.0,
            0.0,
            0.00266182329505682
        ],
        [
            0.0,
            0.4933803081512451,
            0.0,
            0.001201479695737362,
            0.002375813666731119,
            0.0,
            0.18296366930007935,
            0.0,
            0.0,
            0.0010517252376303077
        ],
        [
            0.0,
            0.260654479265213,
            0.0,
            0.0015246594557538629,
            0.002135470975190401,
            0.0,
            0.41928884387016296,
            0.0,
            0.0,
            0.0011227588402107358
        ],
        [
            0.0,
            0.47447389364242554,
            0.0,
            0.001958357635885477,
            0.0031787811312824488,
            0.0,
            0.18766552209854126,
            0.0,
            0.0,
            0.000954548770096153
        ],
        [
            0.0,
            0.005638720467686653,
            0.0,
            0.5697517395019531,
            0.014614864252507687,
            0.0,
            0.002455424750223756,
            0.0,
            0.0,
            0.014449672773480415
        ]
    ]
}