{
    "exportFps": 30,
    "trackPath": "G:\\ProjectHi_2nd\\HiGame\\Content\\Data\\ShakespeareData\\LevelSequence\\Audio\\TTS_4000061_LevelSequence_Gen_0_05.wav",
    "CoreNodeName": "/World/audio2face/CoreFullface",
    "numFrames": 99,
    "numEmotions": 10,
    "emotionNames": [
        "amazement",
        "anger",
        "cheekiness",
        "disgust",
        "fear",
        "grief",
        "joy",
        "outofbreath",
        "pain",
        "sadness"
    ],
    "emotionFrames": [
        0.25,
        30.25,
        60.25,
        90.25
    ],
    "emotionKeys": [
        [
            0.0,
            0.5686767101287842,
            0.0,
            0.009615985676646233,
            0.019780535250902176,
            0.0,
            0.010279770009219646,
            0.0,
            0.0,
            0.0014360424829646945
        ],
        [
            0.0,
            0.5804241299629211,
            0.0,
            0.002587114693596959,
            0.00289153098128736,
            0.0,
            0.022265397012233734,
            0.0,
            0.0,
            0.0019488773541525006
        ],
        [
            0.0,
            0.009490960277616978,
            0.0,
            0.0033743891399353743,
            0.005935212131589651,
            0.0,
            0.5862957835197449,
            0.0,
            0.0,
            0.0029001294169574976
        ],
        [
            0.0,
            0.0016456706216558814,
            0.0,
            0.015336324460804462,
            0.16512900590896606,
            0.0,
            0.0026677038986235857,
            0.0,
            0.0,
            0.3958348333835602
        ]
    ]
}