{
    "exportFps": 30,
    "trackPath": "G:\\ProjectHi_2nd\\HiGame\\Content\\Data\\ShakespeareData\\LevelSequence\\Audio\\TTS_4000061_LevelSequence_Gen_0_09.wav",
    "CoreNodeName": "/World/audio2face/CoreFullface",
    "numFrames": 161,
    "numEmotions": 10,
    "emotionNames": [
        "amazement",
        "anger",
        "cheekiness",
        "disgust",
        "fear",
        "grief",
        "joy",
        "outofbreath",
        "pain",
        "sadness"
    ],
    "emotionFrames": [
        0.25,
        30.25,
        60.25,
        90.25,
        120.25,
        150.25
    ],
    "emotionKeys": [
        [
            0.0,
            0.5829653739929199,
            0.0,
            0.0029118708334863186,
            0.006612672470510006,
            0.0,
            0.009906272403895855,
            0.0,
            0.0,
            0.002127242973074317
        ],
        [
            0.0,
            0.577496349811554,
            0.0,
            0.001954941777512431,
            0.003995249047875404,
            0.0,
            0.020136237144470215,
            0.0,
            0.0,
            0.001906902645714581
        ],
        [
            0.0,
            0.5851567983627319,
            0.0,
            0.003943406976759434,
            0.004158781375735998,
            0.0,
            0.01037524826824665,
            0.0,
            0.0,
            0.0022164396941661835
        ],
        [
            0.0,
            0.016902724280953407,
            0.0,
            0.002731570741161704,
            0.0043265060521662235,
            0.0,
            0.5846056938171387,
            0.0,
            0.0,
            0.0022770941723138094
        ],
        [
            0.0,
            0.008900817483663559,
            0.0,
            0.002089650370180607,
            0.012435873970389366,
            0.0,
            0.5820105671882629,
            0.0,
            0.0,
            0.0018888593185693026
        ],
        [
            0.0,
            0.04778836667537689,
            0.0,
            0.031051544472575188,
            0.39124903082847595,
            0.0,
            0.029334472492337227,
            0.0,
            0.0,
            0.025184474885463715
        ]
    ]
}