{
    "exportFps": 30,
    "trackPath": "G:\\ProjectHi_2nd\\HiGame\\Content\\Data\\ShakespeareData\\LevelSequence\\Audio\\TTS_4000016_LevelSequence_Gen_0_08.wav",
    "CoreNodeName": "/World/audio2face/CoreFullface",
    "numFrames": 155,
    "numEmotions": 10,
    "emotionNames": [
        "amazement",
        "anger",
        "cheekiness",
        "disgust",
        "fear",
        "grief",
        "joy",
        "outofbreath",
        "pain",
        "sadness"
    ],
    "emotionFrames": [
        0.25,
        30.25,
        60.25,
        90.25,
        120.25,
        150.25
    ],
    "emotionKeys": [
        [
            0.0,
            0.014681653119623661,
            0.0,
            0.0028419294394552708,
            0.5786058902740479,
            0.0,
            0.009195891208946705,
            0.0,
            0.0,
            0.0024973039980977774
        ],
        [
            0.0,
            0.00747901713475585,
            0.0,
            0.001876492751762271,
            0.016467638313770294,
            0.0,
            0.5800355076789856,
            0.0,
            0.0,
            0.00206921249628067
        ],
        [
            0.0,
            0.01036157738417387,
            0.0,
            0.002624182030558586,
            0.005265325307846069,
            0.0,
            0.5859867334365845,
            0.0,
            0.0,
            0.0023429652210325003
        ],
        [
            0.0,
            0.10347432643175125,
            0.0,
            0.012022442184388638,
            0.0037070808466523886,
            0.0,
            0.474294513463974,
            0.0,
            0.0,
            0.0008651166572235525
        ],
        [
            0.0,
            0.5781238675117493,
            0.0,
            0.0026181675493717194,
            0.006211449392139912,
            0.0,
            0.017553502693772316,
            0.0,
            0.0,
            0.001636808505281806
        ],
        [
            0.0,
            0.0015093861147761345,
            0.0,
            0.016121258959174156,
            0.018132073804736137,
            0.0,
            0.004426221828907728,
            0.0,
            0.0,
            0.5081233382225037
        ]
    ]
}