{
    "exportFps": 30,
    "trackPath": "G:\\ProjectHi_2nd\\HiGame\\Content\\Data\\ShakespeareData\\LevelSequence\\Audio\\TTS_4000000_LevelSequence_Gen_0_01.wav",
    "CoreNodeName": "/World/audio2face/CoreFullface",
    "numFrames": 158,
    "numEmotions": 10,
    "emotionNames": [
        "amazement",
        "anger",
        "cheekiness",
        "disgust",
        "fear",
        "grief",
        "joy",
        "outofbreath",
        "pain",
        "sadness"
    ],
    "emotionFrames": [
        0.25,
        29.25,
        59.25,
        90.25,
        119.25,
        149.25
    ],
    "emotionKeys": [
        [
            0.0,
            0.022756028920412064,
            0.0,
            0.0036630951799452305,
            0.019839812070131302,
            0.0,
            0.5265084505081177,
            0.0,
            0.0,
            0.00790439359843731
        ],
        [
            0.0,
            0.11892981082201004,
            0.0,
            0.0024592161644250154,
            0.033010371029376984,
            0.0,
            0.34302887320518494,
            0.0,
            0.0,
            0.0029175709933042526
        ],
        [
            0.0,
            0.5785719156265259,
            0.0,
            0.002176996087655425,
            0.01231085043400526,
            0.0,
            0.006189710460603237,
            0.0,
            0.0,
            0.0023538072127848864
        ],
        [
            0.0,
            0.004700188059359789,
            0.0,
            0.003586819162592292,
            0.005296850111335516,
            0.0,
            0.5911678075790405,
            0.0,
            0.0,
            0.004328171256929636
        ],
        [
            0.0,
            0.008267159573733807,
            0.0,
            0.0034429761581122875,
            0.005389510188251734,
            0.0,
            0.5902391672134399,
            0.0,
            0.0,
            0.003087751567363739
        ],
        [
            0.0,
            0.0062631238251924515,
            0.0,
            0.007511621806770563,
            0.5715837478637695,
            0.0,
            0.0035615540109574795,
            0.0,
            0.0,
            0.008972865529358387
        ]
    ]
}