{
    "exportFps": 30,
    "trackPath": "G:\\ProjectHi_2nd\\HiGame\\Content\\Data\\ShakespeareData\\LevelSequence\\Audio\\TTS_4000067_LevelSequence_Gen_0_04.wav",
    "CoreNodeName": "/World/audio2face/CoreFullface",
    "numFrames": 123,
    "numEmotions": 10,
    "emotionNames": [
        "amazement",
        "anger",
        "cheekiness",
        "disgust",
        "fear",
        "grief",
        "joy",
        "outofbreath",
        "pain",
        "sadness"
    ],
    "emotionFrames": [
        0.25,
        30.25,
        60.25,
        90.25,
        120.25
    ],
    "emotionKeys": [
        [
            0.0,
            0.4500797986984253,
            0.0,
            0.004413512069731951,
            0.05846972391009331,
            0.0,
            0.06442715972661972,
            0.0,
            0.0,
            0.0018421632703393698
        ],
        [
            0.0,
            0.5888682007789612,
            0.0,
            0.003245389787480235,
            0.004826946649700403,
            0.0,
            0.008890318684279919,
            0.0,
            0.0,
            0.002943560481071472
        ],
        [
            0.0,
            0.339144766330719,
            0.0,
            0.0020021575037389994,
            0.011766686104238033,
            0.0,
            0.25650662183761597,
            0.0,
            0.0,
            0.001779099926352501
        ],
        [
            0.0,
            0.011206737719476223,
            0.0,
            0.0034560495987534523,
            0.0038073884788900614,
            0.0,
            0.5879179835319519,
            0.0,
            0.0,
            0.002639328595250845
        ],
        [
            0.0,
            0.004249366465955973,
            0.0,
            0.07120440900325775,
            0.06596600264310837,
            0.0,
            0.012184523977339268,
            0.0,
            0.0,
            0.36358514428138733
        ]
    ]
}