{
    "exportFps": 30,
    "trackPath": "G:\\ProjectHi_2nd\\HiGame\\Content\\Data\\ShakespeareData\\LevelSequence\\Audio\\TTS_4000016_LevelSequence_Gen_0_01.wav",
    "CoreNodeName": "/World/audio2face/CoreFullface",
    "numFrames": 171,
    "numEmotions": 10,
    "emotionNames": [
        "amazement",
        "anger",
        "cheekiness",
        "disgust",
        "fear",
        "grief",
        "joy",
        "outofbreath",
        "pain",
        "sadness"
    ],
    "emotionFrames": [
        0.25,
        30.25,
        60.25,
        90.25,
        120.25,
        150.25
    ],
    "emotionKeys": [
        [
            0.0,
            0.5908030271530151,
            0.0,
            0.004621449392288923,
            0.0054532564245164394,
            0.0,
            0.005263530649244785,
            0.0,
            0.0,
            0.0034295048099011183
        ],
        [
            0.0,
            0.5630070567131042,
            0.0,
            0.0018208806868642569,
            0.022629717364907265,
            0.0,
            0.01061040349304676,
            0.0,
            0.0,
            0.0016745583852753043
        ],
        [
            0.0,
            0.010773861780762672,
            0.0,
            0.003363089868798852,
            0.0041863275691866875,
            0.0,
            0.5889149308204651,
            0.0,
            0.0,
            0.002874764148145914
        ],
        [
            0.0,
            0.514893114566803,
            0.0,
            0.001417763065546751,
            0.002380430931225419,
            0.0,
            0.1184004545211792,
            0.0,
            0.0,
            0.0011781166540458798
        ],
        [
            0.0,
            0.5880188345909119,
            0.0,
            0.004041100852191448,
            0.004944318905472755,
            0.0,
            0.008460926823318005,
            0.0,
            0.0,
            0.002487433608621359
        ],
        [
            0.0,
            0.008251002058386803,
            0.0,
            0.004015756770968437,
            0.004839536268264055,
            0.0,
            0.5901454091072083,
            0.0,
            0.0,
            0.0028635337948799133
        ]
    ]
}