{
    "exportFps": 30,
    "trackPath": "G:\\ProjectHi_2nd\\HiGame\\Content\\Data\\ShakespeareData\\LevelSequence\\Audio\\TTS_4000005_LevelSequence_Gen_0_01.wav",
    "CoreNodeName": "/World/audio2face/CoreFullface",
    "numFrames": 44,
    "numEmotions": 10,
    "emotionNames": [
        "amazement",
        "anger",
        "cheekiness",
        "disgust",
        "fear",
        "grief",
        "joy",
        "outofbreath",
        "pain",
        "sadness"
    ],
    "emotionFrames": [
        0.25,
        30.25
    ],
    "emotionKeys": [
        [
            0.0,
            0.5860610008239746,
            0.0,
            0.004138483665883541,
            0.015550789423286915,
            0.0,
            0.003864228492602706,
            0.0,
            0.0,
            0.0024264196399599314
        ],
        [
            0.0,
            0.5902088284492493,
            0.0,
            0.005031021311879158,
            0.0062172082252800465,
            0.0,
            0.0056014289148151875,
            0.0,
            0.0,
            0.0030406243167817593
        ]
    ]
}