{
    "exportFps": 30,
    "trackPath": "G:\\ProjectHi_2nd\\HiGame\\Content\\Data\\ShakespeareData\\LevelSequence\\Audio\\TTS_4000017_LevelSequence_Gen_4_02.wav",
    "CoreNodeName": "/World/audio2face/CoreFullface",
    "numFrames": 45,
    "numEmotions": 10,
    "emotionNames": [
        "amazement",
        "anger",
        "cheekiness",
        "disgust",
        "fear",
        "grief",
        "joy",
        "outofbreath",
        "pain",
        "sadness"
    ],
    "emotionFrames": [
        0.25,
        30.25
    ],
    "emotionKeys": [
        [
            0.0,
            0.008059178479015827,
            0.0,
            0.00439250934869051,
            0.004861554130911827,
            0.0,
            0.5878676176071167,
            0.0,
            0.0,
            0.002599791157990694
        ],
        [
            0.0,
            0.006067540962249041,
            0.0,
            0.004765077028423548,
            0.006104479543864727,
            0.0,
            0.5876862406730652,
            0.0,
            0.0,
            0.0025933797005563974
        ]
    ]
}