{
    "exportFps": 30,
    "trackPath": "G:\\ProjectHi_2nd\\HiGame\\Content\\Data\\ShakespeareData\\LevelSequence\\Audio\\TTS_4000027_LevelSequence_Gen_0_00.wav",
    "CoreNodeName": "/World/audio2face/CoreFullface",
    "numFrames": 158,
    "numEmotions": 10,
    "emotionNames": [
        "amazement",
        "anger",
        "cheekiness",
        "disgust",
        "fear",
        "grief",
        "joy",
        "outofbreath",
        "pain",
        "sadness"
    ],
    "emotionFrames": [
        0.25,
        30.25,
        60.25,
        90.25,
        120.25,
        150.25
    ],
    "emotionKeys": [
        [
            0.0,
            0.5850605368614197,
            0.0,
            0.003143732901662588,
            0.004924390465021133,
            0.0,
            0.010221932083368301,
            0.0,
            0.0,
            0.0021459117997437716
        ],
        [
            0.0,
            0.5880951285362244,
            0.0,
            0.0029941622633486986,
            0.0043723126873373985,
            0.0,
            0.009872646071016788,
            0.0,
            0.0,
            0.0028081100899726152
        ],
        [
            0.0,
            0.573024332523346,
            0.0,
            0.0028721867129206657,
            0.002413703827187419,
            0.0,
            0.031210413202643394,
            0.0,
            0.0,
            0.00172186060808599
        ],
        [
            0.0,
            0.07169418781995773,
            0.0,
            0.0016708550974726677,
            0.0020765953231602907,
            0.0,
            0.5556905269622803,
            0.0,
            0.0,
            0.0015385731821879745
        ],
        [
            0.0,
            0.26840466260910034,
            0.0,
            0.0012940468732267618,
            0.0022199980448931456,
            0.0,
            0.4293123185634613,
            0.0,
            0.0,
            0.0010354628320783377
        ],
        [
            0.0,
            0.009343414567410946,
            0.0,
            0.004713395610451698,
            0.5839037299156189,
            0.0,
            0.0069526610895991325,
            0.0,
            0.0,
            0.0034884202759712934
        ]
    ]
}