{
    "exportFps": 30,
    "trackPath": "G:\\ProjectHi_2nd\\HiGame\\Content\\Data\\ShakespeareData\\LevelSequence\\Audio\\TTS_4000067_LevelSequence_Gen_0_01.wav",
    "CoreNodeName": "/World/audio2face/CoreFullface",
    "numFrames": 162,
    "numEmotions": 10,
    "emotionNames": [
        "amazement",
        "anger",
        "cheekiness",
        "disgust",
        "fear",
        "grief",
        "joy",
        "outofbreath",
        "pain",
        "sadness"
    ],
    "emotionFrames": [
        0.25,
        30.25,
        60.25,
        90.25,
        120.25,
        150.25
    ],
    "emotionKeys": [
        [
            0.0,
            0.0030021725688129663,
            0.0,
            0.0029509305022656918,
            0.025208136066794395,
            0.0,
            0.5205000042915344,
            0.0,
            0.0,
            0.02046603336930275
        ],
        [
            0.0,
            0.5797438621520996,
            0.0,
            0.0036754102911800146,
            0.004060165956616402,
            0.0,
            0.009653029963374138,
            0.0,
            0.0,
            0.002120968187227845
        ],
        [
            0.0,
            0.5930335521697998,
            0.0,
            0.004395855590701103,
            0.005202536936849356,
            0.0,
            0.005896043498069048,
            0.0,
            0.0,
            0.0042245639488101006
        ],
        [
            0.0,
            0.5490890741348267,
            0.0,
            0.0020727089140564203,
            0.011756942607462406,
            0.0,
            0.024421101436018944,
            0.0,
            0.0,
            0.0014109003823250532
        ],
        [
            0.0,
            0.5918079018592834,
            0.0,
            0.004167289473116398,
            0.005220954306423664,
            0.0,
            0.006096999626606703,
            0.0,
            0.0,
            0.003779322374612093
        ],
        [
            0.0,
            0.006064669694751501,
            0.0,
            0.003815279807895422,
            0.5872460007667542,
            0.0,
            0.006725715007632971,
            0.0,
            0.0,
            0.00468156673014164
        ]
    ]
}