{
    "exportFps": 30,
    "trackPath": "G:\\ProjectHi_2nd\\HiGame\\Content\\Data\\ShakespeareData\\LevelSequence\\Audio\\TTS_4000047_LevelSequence_Gen_1_05.wav",
    "CoreNodeName": "/World/audio2face/CoreFullface",
    "numFrames": 296,
    "numEmotions": 10,
    "emotionNames": [
        "amazement",
        "anger",
        "cheekiness",
        "disgust",
        "fear",
        "grief",
        "joy",
        "outofbreath",
        "pain",
        "sadness"
    ],
    "emotionFrames": [
        0.25,
        30.25,
        60.25,
        90.25,
        120.25,
        150.25,
        180.25,
        210.25,
        240.25,
        270.25
    ],
    "emotionKeys": [
        [
            0.0,
            0.012035769410431385,
            0.0,
            0.003496807999908924,
            0.01639172062277794,
            0.0,
            0.5702471137046814,
            0.0,
            0.0,
            0.00285211019217968
        ],
        [
            0.0,
            0.011213278397917747,
            0.0,
            0.0028962839860469103,
            0.004701920785009861,
            0.0,
            0.5876176357269287,
            0.0,
            0.0,
            0.002536843763664365
        ],
        [
            0.0,
            0.004915202502161264,
            0.0,
            0.00513607170432806,
            0.005176511127501726,
            0.0,
            0.5921405553817749,
            0.0,
            0.0,
            0.0038079351652413607
        ],
        [
            0.0,
            0.026976794004440308,
            0.0,
            0.0026676394045352936,
            0.002888856455683708,
            0.0,
            0.5792294144630432,
            0.0,
            0.0,
            0.0018216157332062721
        ],
        [
            0.0,
            0.5918405652046204,
            0.0,
            0.0034485438372939825,
            0.004658646881580353,
            0.0,
            0.008094612509012222,
            0.0,
            0.0,
            0.0035948408767580986
        ],
        [
            0.0,
            0.34482020139694214,
            0.0,
            0.0010186581639572978,
            0.0042999121360480785,
            0.0,
            0.29781898856163025,
            0.0,
            0.0,
            0.0010514354798942804
        ],
        [
            0.0,
            0.01834491640329361,
            0.0,
            0.001290865708142519,
            0.34756311774253845,
            0.0,
            0.12084067612886429,
            0.0,
            0.0,
            0.0010095066390931606
        ],
        [
            0.0,
            0.02079666033387184,
            0.0,
            0.0018207750981673598,
            0.009072692133486271,
            0.0,
            0.5742469429969788,
            0.0,
            0.0,
            0.0017806545365601778
        ],
        [
            0.0,
            0.5774277448654175,
            0.0,
            0.0025652353651821613,
            0.004191191401332617,
            0.0,
            0.021256539970636368,
            0.0,
            0.0,
            0.0018368909368291497
        ],
        [
            0.0,
            0.5916089415550232,
            0.0,
            0.00397683447226882,
            0.004877676256000996,
            0.0,
            0.006268143188208342,
            0.0,
            0.0,
            0.003559151431545615
        ]
    ]
}