{
    "exportFps": 30,
    "trackPath": "G:\\ProjectHi_2nd\\HiGame\\Content\\Data\\ShakespeareData\\LevelSequence\\Audio\\TTS_4000060_LevelSequence_Gen_0_01.wav",
    "CoreNodeName": "/World/audio2face/CoreFullface",
    "numFrames": 130,
    "numEmotions": 10,
    "emotionNames": [
        "amazement",
        "anger",
        "cheekiness",
        "disgust",
        "fear",
        "grief",
        "joy",
        "outofbreath",
        "pain",
        "sadness"
    ],
    "emotionFrames": [
        0.25,
        30.25,
        60.25,
        90.25,
        120.25
    ],
    "emotionKeys": [
        [
            0.0,
            0.5856979489326477,
            0.0,
            0.003485446097329259,
            0.019189773127436638,
            0.0,
            0.004458023700863123,
            0.0,
            0.0,
            0.0021360889077186584
        ],
        [
            0.0,
            0.01785416342318058,
            0.0,
            0.0006315447972156107,
            0.16370965540409088,
            0.0,
            0.34849485754966736,
            0.0,
            0.0,
            0.0008972103823907673
        ],
        [
            0.0,
            0.008756131865084171,
            0.0,
            0.0024771862663328648,
            0.005997884552925825,
            0.0,
            0.5879427194595337,
            0.0,
            0.0,
            0.002874736674129963
        ],
        [
            0.0,
            0.012151534669101238,
            0.0,
            0.003387341508641839,
            0.0034236516803503036,
            0.0,
            0.588291347026825,
            0.0,
            0.0,
            0.0030630426481366158
        ],
        [
            0.0,
            0.0017382304649800062,
            0.0,
            0.3540096580982208,
            0.02393689565360546,
            0.0,
            0.0018847768660634756,
            0.0,
            0.0,
            0.25100770592689514
        ]
    ]
}