{
    "exportFps": 30,
    "trackPath": "G:\\ProjectHi_2nd\\HiGame\\Content\\Data\\ShakespeareData\\LevelSequence\\Audio\\TTS_4000047_LevelSequence_Gen_2_01.wav",
    "CoreNodeName": "/World/audio2face/CoreFullface",
    "numFrames": 323,
    "numEmotions": 10,
    "emotionNames": [
        "amazement",
        "anger",
        "cheekiness",
        "disgust",
        "fear",
        "grief",
        "joy",
        "outofbreath",
        "pain",
        "sadness"
    ],
    "emotionFrames": [
        0.25,
        30.25,
        60.25,
        90.25,
        120.25,
        150.25,
        180.25,
        210.25,
        240.25,
        270.25,
        300.25
    ],
    "emotionKeys": [
        [
            0.0,
            0.002993997884914279,
            0.0,
            0.0024525998160243034,
            0.009732487611472607,
            0.0,
            0.582396388053894,
            0.0,
            0.0,
            0.006693963427096605
        ],
        [
            0.0,
            0.004854366648942232,
            0.0,
            0.004456241149455309,
            0.005638866685330868,
            0.0,
            0.5912812352180481,
            0.0,
            0.0,
            0.004214312881231308
        ],
        [
            0.0,
            0.5869144797325134,
            0.0,
            0.0038641702849417925,
            0.0059844269417226315,
            0.0,
            0.0076414733193814754,
            0.0,
            0.0,
            0.0025999147910624743
        ],
        [
            0.0,
            0.454481840133667,
            0.0,
            0.001844983547925949,
            0.003713224083185196,
            0.0,
            0.18881288170814514,
            0.0,
            0.0,
            0.0009440790163353086
        ],
        [
            0.0,
            0.4158688485622406,
            0.0,
            0.004381401464343071,
            0.043556369841098785,
            0.0,
            0.08054754137992859,
            0.0,
            0.0,
            0.0021239726338535547
        ],
        [
            0.0,
            0.5929278135299683,
            0.0,
            0.004693049471825361,
            0.004924791399389505,
            0.0,
            0.005793973337858915,
            0.0,
            0.0,
            0.0042032403871417046
        ],
        [
            0.0,
            0.5918035507202148,
            0.0,
            0.0035815357696264982,
            0.005299745127558708,
            0.0,
            0.006560218054801226,
            0.0,
            0.0,
            0.0037326074671000242
        ],
        [
            0.0,
            0.005464613437652588,
            0.0,
            0.0024346138816326857,
            0.01655725948512554,
            0.0,
            0.5822846293449402,
            0.0,
            0.0,
            0.0021743723191320896
        ],
        [
            0.0,
            0.5900124907493591,
            0.0,
            0.0037967434618622065,
            0.004717272240668535,
            0.0,
            0.007299928460270166,
            0.0,
            0.0,
            0.0029698654543608427
        ],
        [
            0.0,
            0.047572992742061615,
            0.0,
            0.0021510026417672634,
            0.0027600727044045925,
            0.0,
            0.5666549205780029,
            0.0,
            0.0,
            0.0016850283136591315
        ],
        [
            0.0,
            0.592667818069458,
            0.0,
            0.004565528128296137,
            0.005204238463193178,
            0.0,
            0.005652399733662605,
            0.0,
            0.0,
            0.003971108701080084
        ]
    ]
}