{
    "exportFps": 30,
    "trackPath": "G:\\ProjectHi_2nd\\HiGame\\Content\\Data\\ShakespeareData\\LevelSequence\\Audio\\TTS_4000057_LevelSequence_Gen_0_02.wav",
    "CoreNodeName": "/World/audio2face/CoreFullface",
    "numFrames": 159,
    "numEmotions": 10,
    "emotionNames": [
        "amazement",
        "anger",
        "cheekiness",
        "disgust",
        "fear",
        "grief",
        "joy",
        "outofbreath",
        "pain",
        "sadness"
    ],
    "emotionFrames": [
        0.25,
        30.25,
        60.25,
        90.25,
        120.25,
        150.25
    ],
    "emotionKeys": [
        [
            0.0,
            0.5432574152946472,
            0.0,
            0.003156300401315093,
            0.03430949151515961,
            0.0,
            0.023567747324705124,
            0.0,
            0.0,
            0.0011790269054472446
        ],
        [
            0.0,
            0.016315115615725517,
            0.0,
            0.0011684529017657042,
            0.070645272731781,
            0.0,
            0.42741701006889343,
            0.0,
            0.0,
            0.0017946545267477632
        ],
        [
            0.0,
            0.011009029112756252,
            0.0,
            0.003175206948071718,
            0.0037915499415248632,
            0.0,
            0.5888081789016724,
            0.0,
            0.0,
            0.0033951338846236467
        ],
        [
            0.0,
            0.593411922454834,
            0.0,
            0.004493009764701128,
            0.0053389049135148525,
            0.0,
            0.005567061249166727,
            0.0,
            0.0,
            0.004535847343504429
        ],
        [
            0.0,
            0.5870780348777771,
            0.0,
            0.003959082532674074,
            0.0056339651346206665,
            0.0,
            0.008228190243244171,
            0.0,
            0.0,
            0.0024583004415035248
        ],
        [
            0.0,
            0.18423078954219818,
            0.0,
            0.053822025656700134,
            0.06525346636772156,
            0.0,
            0.21630734205245972,
            0.0,
            0.0,
            0.020780155435204506
        ]
    ]
}