{
    "exportFps": 30,
    "trackPath": "G:\\ProjectHi_2nd\\HiGame\\Content\\Data\\ShakespeareData\\LevelSequence\\Audio\\TTS_4000055_LevelSequence_Gen_0_01.wav",
    "CoreNodeName": "/World/audio2face/CoreFullface",
    "numFrames": 151,
    "numEmotions": 10,
    "emotionNames": [
        "amazement",
        "anger",
        "cheekiness",
        "disgust",
        "fear",
        "grief",
        "joy",
        "outofbreath",
        "pain",
        "sadness"
    ],
    "emotionFrames": [
        0.0,
        30.0,
        60.0,
        90.0,
        120.0,
        150.0
    ],
    "emotionKeys": [
        [
            0.0,
            0.5894885063171387,
            0.0,
            0.0035904711112380028,
            0.0057773590087890625,
            0.0,
            0.008340968750417233,
            0.0,
            0.0,
            0.002636154182255268
        ],
        [
            0.0,
            0.580278217792511,
            0.0,
            0.0028102509677410126,
            0.004171086009591818,
            0.0,
            0.019540995359420776,
            0.0,
            0.0,
            0.001819184864871204
        ],
        [
            0.0,
            0.5881918668746948,
            0.0,
            0.0030823529232293367,
            0.0039927540346980095,
            0.0,
            0.0119693698361516,
            0.0,
            0.0,
            0.002481302246451378
        ],
        [
            0.0,
            0.5920209288597107,
            0.0,
            0.004375597927719355,
            0.004619068931788206,
            0.0,
            0.006471165455877781,
            0.0,
            0.0,
            0.003653166349977255
        ],
        [
            0.0,
            0.20364069938659668,
            0.0,
            0.004132297355681658,
            0.014451807364821434,
            0.0,
            0.41631489992141724,
            0.0,
            0.0,
            0.001152870594523847
        ],
        [
            0.0,
            0.018866896629333496,
            0.0,
            0.09401556104421616,
            0.0654074102640152,
            0.0,
            0.05419093742966652,
            0.0,
            0.0,
            0.2122201770544052
        ]
    ]
}