{
    "exportFps": 30,
    "trackPath": "G:\\ProjectHi_2nd\\HiGame\\Content\\Data\\ShakespeareData\\LevelSequence\\Audio\\TTS_4000047_LevelSequence_Gen_2_00.wav",
    "CoreNodeName": "/World/audio2face/CoreFullface",
    "numFrames": 248,
    "numEmotions": 10,
    "emotionNames": [
        "amazement",
        "anger",
        "cheekiness",
        "disgust",
        "fear",
        "grief",
        "joy",
        "outofbreath",
        "pain",
        "sadness"
    ],
    "emotionFrames": [
        0.25,
        30.25,
        60.25,
        90.25,
        120.25,
        150.25,
        180.25,
        210.25,
        240.25
    ],
    "emotionKeys": [
        [
            0.0,
            0.5263192653656006,
            0.0,
            0.004195424262434244,
            0.013683798722922802,
            0.0,
            0.06157933175563812,
            0.0,
            0.0,
            0.001425023889169097
        ],
        [
            0.0,
            0.0067536174319684505,
            0.0,
            0.0009724099072627723,
            0.006318000610917807,
            0.0,
            0.2346535623073578,
            0.0,
            0.0,
            0.0030176322907209396
        ],
        [
            0.0,
            0.5921996831893921,
            0.0,
            0.004078146535903215,
            0.0048680175095796585,
            0.0,
            0.005593485664576292,
            0.0,
            0.0,
            0.004099106881767511
        ],
        [
            0.0,
            0.034837041050195694,
            0.0,
            0.002973476191982627,
            0.004790036473423243,
            0.0,
            0.5720022916793823,
            0.0,
            0.0,
            0.0019730606582015753
        ],
        [
            0.0,
            0.005189886782318354,
            0.0,
            0.003933252301067114,
            0.00528296921402216,
            0.0,
            0.5910476446151733,
            0.0,
            0.0,
            0.004260266665369272
        ],
        [
            0.0,
            0.22040438652038574,
            0.0,
            0.0014349642442539334,
            0.00397228030487895,
            0.0,
            0.4182918667793274,
            0.0,
            0.0,
            0.0011499072425067425
        ],
        [
            0.0,
            0.1177922785282135,
            0.0,
            0.0013910008128732443,
            0.5000271797180176,
            0.0,
            0.0075362189672887325,
            0.0,
            0.0,
            0.0014968551695346832
        ],
        [
            0.0,
            0.1572694182395935,
            0.0,
            0.007706396281719208,
            0.006656447891145945,
            0.0,
            0.38780727982521057,
            0.0,
            0.0,
            0.001765768975019455
        ],
        [
            0.0,
            0.01730767823755741,
            0.0,
            0.4889407455921173,
            0.06056768074631691,
            0.0,
            0.002796307671815157,
            0.0,
            0.0,
            0.019748417660593987
        ]
    ]
}