{
    "exportFps": 30,
    "trackPath": "G:\\ProjectHi_2nd\\HiGame\\Content\\Data\\ShakespeareData\\LevelSequence\\Audio\\TTS_4000035_LevelSequence_Gen_0_04.wav",
    "CoreNodeName": "/World/audio2face/CoreFullface",
    "numFrames": 250,
    "numEmotions": 10,
    "emotionNames": [
        "amazement",
        "anger",
        "cheekiness",
        "disgust",
        "fear",
        "grief",
        "joy",
        "outofbreath",
        "pain",
        "sadness"
    ],
    "emotionFrames": [
        0.25,
        29.25,
        59.25,
        89.25,
        119.25,
        150.25,
        179.25,
        210.25,
        239.25
    ],
    "emotionKeys": [
        [
            0.0,
            0.009859569370746613,
            0.0,
            0.0026965229772031307,
            0.015569671057164669,
            0.0,
            0.576420783996582,
            0.0,
            0.0,
            0.002170173218473792
        ],
        [
            0.0,
            0.2004619836807251,
            0.0,
            0.00296228239312768,
            0.3710772395133972,
            0.0,
            0.014202462509274483,
            0.0,
            0.0,
            0.0015497124986723065
        ],
        [
            0.0,
            0.5896115899085999,
            0.0,
            0.003588070860132575,
            0.00420585460960865,
            0.0,
            0.009299936704337597,
            0.0,
            0.0,
            0.0030532570090144873
        ],
        [
            0.0,
            0.5931583046913147,
            0.0,
            0.004571557976305485,
            0.005049087572842836,
            0.0,
            0.005694173276424408,
            0.0,
            0.0,
            0.004200472962111235
        ],
        [
            0.0,
            0.0044196126982569695,
            0.0,
            0.004944987595081329,
            0.005231739487498999,
            0.0,
            0.5926438570022583,
            0.0,
            0.0,
            0.004449137020856142
        ],
        [
            0.0,
            0.0598280094563961,
            0.0,
            0.0029094605706632137,
            0.389376163482666,
            0.0,
            0.06437672674655914,
            0.0,
            0.0,
            0.0026772560086101294
        ],
        [
            0.0,
            0.03545963764190674,
            0.0,
            0.00199842918664217,
            0.03601378947496414,
            0.0,
            0.5240814089775085,
            0.0,
            0.0,
            0.001837617834098637
        ],
        [
            0.0,
            0.06105564534664154,
            0.0,
            0.002339928178116679,
            0.0028081871569156647,
            0.0,
            0.5620917081832886,
            0.0,
            0.0,
            0.0013121366500854492
        ],
        [
            0.0,
            0.026692649349570274,
            0.0,
            0.007999964989721775,
            0.5661797523498535,
            0.0,
            0.00503380736336112,
            0.0,
            0.0,
            0.002897079801186919
        ]
    ]
}