{
    "exportFps": 30,
    "trackPath": "G:\\ProjectHi_2nd\\HiGame\\Content\\Data\\ShakespeareData\\LevelSequence\\Audio\\TTS_4000047_LevelSequence_Gen_0_01.wav",
    "CoreNodeName": "/World/audio2face/CoreFullface",
    "numFrames": 91,
    "numEmotions": 10,
    "emotionNames": [
        "amazement",
        "anger",
        "cheekiness",
        "disgust",
        "fear",
        "grief",
        "joy",
        "outofbreath",
        "pain",
        "sadness"
    ],
    "emotionFrames": [
        0.25,
        30.25,
        60.25,
        90.25
    ],
    "emotionKeys": [
        [
            0.0,
            0.009837741032242775,
            0.0,
            0.004868111573159695,
            0.5874243378639221,
            0.0,
            0.006060940679162741,
            0.0,
            0.0,
            0.004394220653921366
        ],
        [
            0.0,
            0.007096481043845415,
            0.0,
            0.0037015986163169146,
            0.005111665930598974,
            0.0,
            0.5892834663391113,
            0.0,
            0.0,
            0.0032972057815641165
        ],
        [
            0.0,
            0.004932732786983252,
            0.0,
            0.004815617576241493,
            0.004938439931720495,
            0.0,
            0.5918151140213013,
            0.0,
            0.0,
            0.003976202569901943
        ],
        [
            0.0,
            0.010656509548425674,
            0.0,
            0.06366313993930817,
            0.0515781044960022,
            0.0,
            0.03145713731646538,
            0.0,
            0.0,
            0.29073506593704224
        ]
    ]
}